node,louvain_community,spectral_community
UCWHwCyAp2CtKMVm25ZG4BAw,26,0
UCpHQ8mSF19Ml1Yk_hnGcoeQ,26,0
UCllY4onZqJu7vAbWZ42fkRQ,103,0
UCi7YLOUOMQF7At2piFX3Piw,103,0
UCaqm-pRLS6RYITDb65WYJlw,2,0
UCFk__1iexL3T5gvGcMpeHNA,2,0
UCP7grhoAWwOcIKz3wHutAZw,85,0
UC7m9cDY2HYYBQmKctCsBPrw,85,0
UCJU9o6zzPZrO1HvF9Czg_Kw,103,0
UC9_v219or6c6wIskL-85n8Q,2,0
UCWQx_MqO2x7ePxQxR3BX7uA,4,0
UC7fJLBn0Rr97gSsaJZzJm9w,4,0
UCk1syZdgG_j79Ka3dD1_Gbw,5,0
UCzbxU0ld4wOEyy1fhNLMbQw,22,0
UC3ct3yd-Vw1tm00LLIBgcVg,22,0
UC0uuEqylInFYO1iKclnvQdQ,26,0
UC8AXGgAAcxCNN3YlTu_rvAA,26,0
UCgIbGg9zT6YIMCCWPpTPtFQ,7,0
UCHK9PzOOwZh2ZVQFq0rpsyw,7,0
UCKqOwItthYwIsah_Q6MkaJA,22,0
UCLKBftmIR7GAP-CuUsOugRA,22,0
UCx0LnPiGrarw6ruL3NxmDTg,7,0
UCauspBPR87tSCJCGqM9ktHA,8,2
UCpvqRmvFqIfv-7qlBK4NQ5Q,8,2
UCupKsYo4GvRbL1_bKtAA_IQ,38,0
UCJ8OlGX2fgV8TZj6ltTMd5g,38,0
UCCgQFsld7Vx0aJHXN9bg_Rw,45,0
UCiGQy8S0BNGAYmemkFDfoqw,45,0
UCCPicMw4NyOCiixuIfVDczg,2,0
UCCRbFrYzJ-lHOsPQXS_E8hg,11,0
UCwicfou4Ewu-koikmga-bEg,11,0
UCzEQilX2IDh3ZI1ukIGs8IA,22,0
UCRx9bg3fQab80VE7P-DH4qw,26,0
UCDyW-V1AaAeAaUyaGV8LOGg,12,0
UCrfwCYb82omObCkib4LHCQQ,12,0
UCM_R1HLH77dhyPn59b_v_gA,26,0
UC8k-3PXlkjSdY4DZWTGp7wg,13,0
UCKPgLQb1Nli3iyNRFRGpttg,13,0
UC-CHth-iX8WQxj72Q0xZfbA,11,0
UCpqWd7VHeblWTlsUrVxLQCg,22,0
UCqEItyNUvt5LYvQd7XDpBSQ,14,9
UCCigVVOSU_VYxyv5eM1A3UA,14,9
UCZAHuYZ7so65IacLjoEKSpg,4,0
UC309cRJ1JHAPq-voE9YATYw,38,0
UCFnT9xpba31lwl7VFKiY0ig,13,0
UCl3diwtBu7bnxmG-iCzl4mQ,2,0
UCaq-IqTJphcm7FI9FMtXH4w,11,0
UCtKE4CCU76ADQ7ezTONs5xA,15,0
UCPZN4zhCojO4fkBcDhf8ojw,15,0
UC4TB856CUiR3-NRSqa1EOHA,2,0
UCpDLex3djhdgi7O4Dm9u0fw,13,0
UCBiWQQKRNluzSF9QCWMu1Qw,2,0
UCEhJFMrJEFXYLYHy-l7rJ4Q,22,0
UClMdcmSZGf6cvMWgCsXR44Q,85,0
UCPPhkR7uPfyfY61H-_My6SQ,13,0
UCsK3E12SRcYErgRKwPxCUmg,78,0
UCpOf6or28DXJkP9T0LNIrRw,78,0
UCWUBBn-d94jj1CbzteUMJKg,17,0
UC0HW5oSmATugMvAoY8xacdQ,17,0
UCk7gZUZzKQ0957OO7h7Mwog,26,0
UC0O3ZHv073VRKWtVXD9pXrQ,13,0
UCpDQFnvUvHufPTqvll3FBBQ,18,0
UCguhvq1ERO_rcHYGDYA4nRg,18,0
UCWc69SrQLwM6SDPuBbKUGZQ,13,0
UCgVDXrN3-gG_EofuGryMl3w,13,0
UCRndw89-ujV1YmGsx9-Yldw,103,0
UCdTEC2cPJ2f8Mcpx56gKlOw,52,0
UC_tMMlDIuboT0GK1McI7WFQ,52,0
UCc_qrV52bBDt1wuf2YcaPCg,20,0
UC1eM4aUN033eB2k8TcFL9hw,20,0
UCb3rIS4J-01FIKRZJL7l-Qg,26,0
UC1O69vsWRg1Sp150ZpTboZw,21,7
UCBiZI5yKZMc9nNzWJZhoigw,21,7
UCnAU2Aqf9SRnW99wzGoCjYA,18,0
UCQrcWuKA2wT2TyaalFcL7mg,18,0
UCG1r0GbJDtJb92wEOipmucg,13,0
UCFAK7m-wLoLhMd4xjS52azg,26,0
UCwOq39WXWBmTE_-6MImF79Q,13,0
UCnWyAovQkH_Gq7cRpR2IPvA,103,0
UCLn4VxzKq_AsmkFOv1pt_nQ,5,0
UC097-iwu1cccMi7kyY6nFXA,5,0
UCbVxemtmnLz7io-3lcLi20A,5,0
UCHoc4JfXcXYEWA9GCvRlSVg,5,0
UCT2Eu4CTYwmcqkRCfDPaRzg,17,0
UC8FngGvVHDOvwaFR4QGUP4A,17,0
UC1tkxYwfFx1du0976nVRuuA,52,0
UCc6-PmhGtRgUNhL_O6A8FdA,75,0
UCOPKNbr1DXMFzCxK9QpKaGQ,75,0
UCh-x39j_e_bf18MwT5Zwxdg,15,0
UCOtYf0KC_w67do1xXoP4gvw,15,0
UCobGGRwg9mG2R0YTqzGgIDA,5,0
UCungstO2oFNmwMKnnwJeZow,18,0
UCyqLLbMS2CGleIi9G9db17A,26,0
UCubwrfi4Vfk-gdM4BBtoSJg,7,0
UCXHNKH1RtgbyC_a71k7dfHg,7,0
UCxVAltdD39FMniyEh8Vp6fQ,13,0
UCaItA_xyCNvDSf-DLkzClRg,89,0
UCkXIhl9IRytDitiAS5PGqwQ,38,0
UCnZ0m3grbidmmDJtnBuJI7g,38,0
UCPjv4TuENNlimzy98x8SVOw,9,0
UC7a6_ORZFJ0V9g2h-AGYwkw,9,0
UCO4OLu1L1FhQIvtv7UqaXDQ,29,0
UC-EVWjDDEmcrjFHU9UmAEIw,29,0
UCg1eh1FFp377AJOSBBjAe0A,75,0
UCPhQ8i5y246G7yenG8G3FNA,11,0
UCNyXYwCY61J7a1tofSkB0sg,5,0
UCP3p520_Bzi3Gji-TateAqA,13,0
UCJDkHFn4P0b64XhVH2n3A9Q,9,0
UC3z5zyokw1WfEyHdsijZV3A,9,0
UCPlmTD33mFWAbnKUdGP-WQg,13,0
UC0-lko_j6W4hEbgQuHswNtA,13,0
UC-baqTPhklD47Pl9yesuSRw,7,0
UCs3PndQfWmTlprDuwLA-z7g,7,3
UCksa76tadh4vc1IwXcyj8mw,5,0
UCPyHfgGhISxQyS_zBHcfS-A,13,0
UCkBjukRXyEEHEZhmQXb-ILQ,29,0
UC8_SIyVwUPREEqrLB8s5ilw,15,0
UCrgRBctqRU_V7bWn9EnsPmQ,15,0
UC8EvpwztW9m2dF1-A2ijQxg,33,0
UCm4KYsmc3QdvQbctgKMe2Fw,33,0
UC9baE7TiKN9lfKupyr5kGuA,26,0
UCvb4kzJS9sphzM5aWW70RrA,13,0
UCEiZhiD1CGLhUJUFZzY9iAg,13,0
UCTA-MXare3lmK5dyC7Zowag,13,0
UC4WSqR97CPwf_sEKkBDutwA,75,0
UCvgCFXYIMspzAUO6IsSGWQg,29,0
UCTB_AY_4jg2YwqknRyeaLeA,29,0
UC4pK6scs_Z6XyB9r1Ie_-Zw,34,2
UCULZ1kTiSXNVEoLTXM7upZA,34,2
UCry552YVC80y0pr4zWnFUNA,35,0
UCuq_Q965lnRvOUPjFInM2Xg,35,0
UCvVyjV0xBXclaNosfFMoJ5A,36,9
UCaS20pmd_ZIpzmWijxoxC6Q,36,9
UCegkuhpHqBZzTF6RFWi9B2A,7,0
UCbgSCrYVIjXGxY3lrg1fxOw,37,1
UCacb35u74L22zFxpRJa1afA,37,1
UCM6tsSLJfr_-xV4hfzOsmSg,2,0
UCvL8YdHBX9pt1B4Xpq4TguA,13,0
UCAQQv5x2PwodzsHmdElK-Yg,52,0
UCoA9csiywwv7DQ2hi8M9OkA,26,0
UC52C5r2laqosO_4AkHFv8iw,11,0
UC9vYxrN_MfLxLPAQOPmRzuQ,2,0
UChCBaF8UTC9psyIfD1dfCQg,75,0
UCcFp60HrksSV5HQ4afT6mRQ,89,0
UCoJ9X-2zcVNP8p_7eJy31sQ,38,3
UCUywK4mMy72hZyofjOFVJFA,38,3
UCET1CeXMQCW3-jXs2LG30fQ,20,0
UCZQiLDYpHYBJmtUf7DuSVog,20,0
UCnwXatpYh02pVzLnfrtgGqA,26,0
UCh_ZHKs1qPhXSv8dfsFxxZA,7,0
UCOeNj9DCtp2uOYYD9CpuHLA,13,0
UC37zaYRAmrfeelUie0kC0xA,29,0
UC3BeCqrWHxNlpiJGG1s5M6Q,75,0
UCUQV5Sx6Vape2JMfanmxJAw,21,7
UCqqiIu-cMtsTE6pPznqGvBg,17,0
UCO7M8ETekS6_HB5_zo4APxQ,75,0
UCUMpr1_mJTpqMyv4cw0wApA,20,0
UCbsHoLQ91ZFKwZSkhxIthrQ,78,0
UCtG3RcZbzNXyUFu-LTfAjww,18,0
UCiCHHiqr1Dz_sz9bEg57gAw,75,0
UCeoEBnvnRaybWSBPY2FUoUw,12,0
UCFV70lWovADH8ScHUGuJZ4g,75,0
UCnFNphL2XryxZc8tAdww7Zw,13,0
UC3fG1xw7Z0aonapOPmy3Oig,7,0
UCiBifxu351NrMdJmAhHNIlg,40,9
UCwCbsG0LNG1kYnVSuUQ5vZw,40,9
UCnKZMKYcmIREm8r7-oVu0dA,13,0
UCbTd7xbIw4W34QWStmGBw6w,94,0
UCexc9ztpWt_sJ9VhsegHVQg,94,0
UCBJ_fDvMcTUP7YIQiyFg0pQ,11,0
UC3hW9CmvpHOZF7v165Ni9zg,11,0
UCLNvks26EDnVzmjnS2iQFrA,74,0
UCyhOl6uRlxryALlT5yifldw,74,0
UCBRXNCLovn0qtDW9ScAK_wA,5,0
UCwMkGY0J0KZ7DcXX2rqO-Vw,26,0
UCEnCdzphG_KdMUYskAXjx_Q,52,0
UCwJj9xGuaaLucTr0L4-LMCw,75,0
UCni23Y0H6zBAv15eFdZtRBA,5,0
UCw84lkJmCFFnAtj92eTfkUQ,43,0
UCP8LUoSLmT8IjwDsK8OKmDw,43,0
UCw5tHwDA3acWjnYAZDGOrCw,11,0
UCTTdfmb2iYPoKVbz_l7ofYQ,89,0
UCoQ_kOIRSL9LvaNFvDIn9Cg,21,7
UCbO8peZeskxC26XJSiULtUw,74,0
UCnpkz5ST00Ls8yyI4c-ufpA,29,0
UCEJEEIoXpqWG1fkS76hBnxw,94,0
UC5pnnIo3_Tap3tBQKfN3-Nw,15,0
UC5baIl8w47nDn0TOrWO9Rhg,7,0
UCdVEoj4AoTlT3CCgzHhU4_w,26,0
UCd9NKAxdqZAfTWhsNM8-qQw,2,0
UC6xxKr4P4FDFTYhkJXv8joQ,7,0
UCDdgYiRZjpncugOb9d1OQcg,7,0
UCso6utBs3oAdl7sQ3aZ8GcQ,29,0
UCeAjDtY5PEyTkh0cxN2q1ng,26,0
UCN72qthJw06z7o2gq8g3aTg,13,0
UCDVbinEbhboYAYyTpAXjF4Q,20,0
UCtgLAnFnTAYwtUmr1pQ6NJw,4,0
UCZfCXCK9pAwBZaj0nXGNbMw,4,0
UCdTAmjegFqjZAoLcBxXj-7A,44,9
UCXLW-elmu0h6bKrOtIlqDnA,44,9
UCtc19aNwzemgy0LaKhi4k-Q,74,0
UC7M4uqgDPgYFLrYPPgu4O1w,75,0
UCtXrwB_LowNvSMlXMLTx68Q,26,0
UCDFcu5h2SzParksEIrktQcA,7,0
UCKTyzfGlVKrkyFecALCRd-g,7,0
UCdcZC1vwjFwfIkEO_QKbioQ,18,0
UCqAGhhnVt4f59xbvR0eRoLA,18,0
UCt-FCjJhS2D6Tkzo2IQvImw,4,0
UCtTaE1v3bPOLmbkSSwJj4Gw,5,0
UCgMAPhPwYfaRERJyXkj7NlA,2,0
UCg5_cuIz1T60KfQnGWHN4ew,13,0
UCtPD-KU9Wrg9oXsx_M-qw8g,11,0
UCj5OW4zOC0apd1vZcdvK_tw,11,0
UCpTYZb5b2CPzIZRFVbdBiqA,75,0
UCpQ1LfJFUorWMVv2V_OFg6A,13,0
UCCw7ry01tAYWRnajxEz4wWQ,33,0
UCCvlNkvRARK7SH6wJFSPdkg,43,0
UCmqiEvW5nhTH4p8wuwlCHwQ,43,0
UCim_5dAA0e0mKnEx91EAw1g,43,0
UCtBNA5YflB7vFJm8VtsBtbw,26,0
UCUSOFO9Z67B5X5h-aClAWkQ,13,0
UC5ePhuT3S533PXmd-VcpyGA,85,0
UCgiVGU0Lak3osHgiMnNAicQ,85,0
UCPfH_7mu9i-JNy7m9RMGQ1w,29,0
UCoYiy7-bhMBSmjE_McbVRdA,15,0
UCsPIxb77FmxpRUpGna5oIGQ,9,0
UChjrcIZAqwMimNekU3a8wTQ,9,0
UCqBlp7td9wMb2gOzZmk1r0A,13,0
UC8ES4pKAZw-fjM_P_64_EmA,75,0
UCuo1nMCRCN09qF3bfTKo9aw,15,0
UC3k8MpT0-L_7nv1Ctym1SuA,11,0
UCqAGVtHxG0ryk_JWMdrBPTg,5,0
UC9dBNzBCzPUJ4i4CpL9YxhA,45,0
UCPIqp7ccwHdiygGLd0Hyjig,45,0
UCE1CthPjGlaSkkPqtYltTQw,75,0
UCSIhu0aWOgmH1HwfoUrGuiA,11,0
UCgRTIEUymGwTRuDsG0n8rdw,7,0
UCs_StTJeP8Zew2KQcizKlyw,17,0
UCKuwVYGcFCDG38M3whyRNLw,17,0
UCDxJ8uEdZ-is2AWNyAWZM3w,74,0
UCat_wR5Xepjw7tCn8_9KgUA,74,0
UCpofoMi2IJc5CNOwHtV3P_Q,17,0
UC9QtMR9ksH_UBlu61vi64bg,13,0
UCDuImBCDkBri_fYPt6aQhvA,75,0
UCfq46xKo-TnU4KRafMOS7AQ,75,0
UCfqq-EoDp0SV15bmJBGHIkw,74,0
UC6IHW3tnXZzB4nuc1s_Mw8A,74,0
UCMuIlcB5Vz8yR__KlzdRFUw,43,0
UCMEsOPFHyPagdta40n6ccHQ,43,0
UCMPC0nm1ZDLYWY7cdbQYG3w,17,0
UC6OFeLsaH1E7H9jW5EFrRsQ,45,0
UCS09Xfw38xWBGJDETuzhJZA,45,0
UC97xro8zY4LEnj22cOzX5zg,26,0
UCgb_vk2ZxmKXckCx-f1fp4A,74,0
UCMzVn2Au0CLSCDDjFoA6FWg,49,9
UC_GAIrKyuNEaQhIj_StcAWA,49,9
UComkYD--nJli5RuXBKhnNWA,50,2
UCv_fTSUmgLQ1xfkVw4D1DNA,50,2
UCcvkp0s2X-ZuoVy1LyYWvhA,11,0
UCURMCB0TlZxlKM9AV1mm_GQ,85,0
UCf-Q3UGKdtMkA2QQ43MAyRw,13,0
UCNWBVvhjqMiWExTVvhDQEsQ,18,0
UC0fOUEAswi96H2GKVlHCNBQ,18,0
UCWnDm1SoVppiy-zEaEiXFhg,18,0
UC16oizOU4HiimPR4ksjmlIg,11,0
UCKc4ZEqe_xR9BCFZC86_RcA,103,0
UCHC6fXwAY_tbKLMYJSPHRYQ,52,0
UC_1j5iia5y1NYXtQNsE84-w,52,0
UClqt9oqbqFEwcOr0QMwL6KQ,94,0
UCZhLQ89uA4C8J-m-HG4kPkQ,94,0
UCKWKS76vc-0z9wncZsczhog,13,0
UClXmVSWk6DvYXucAdLDw-pA,75,0
UCZyVYdTt2nwgyads0qNyU8w,13,0
UCxoPQsJzJX6Mza5LIldjEEg,29,0
UCbffaXIhhjFAGhmpijEQo8g,85,0
UCHNkhO9sVcIuYyfiH5vTAxw,13,0
UCyGF82sW9T21opvffQA1eyg,75,0
UCZMz7W2PEvIHhHuxtUtmGIw,26,0
UCWksLAcMYYb3JL1k7dr0OZg,20,0
UCy7Y-WndfISCkABx9Q06PWA,26,0
UC_IbaDu_z3lF8dkfjaKrPxA,78,0
UC1vRmZ3yOEgjRX4j953B6PQ,33,0
UCm-vzpNf-QDoFhO-PCa5gnA,26,0
UC1tw54rTSyh27fMVcXlyCkA,33,0
UCbKaUqW23zVBYNhKu4_7eOg,33,0
UCYDgouYuGmMEr7D7ooc57gQ,13,0
UCGbfNZrg1svyIgg_Cgb0jjg,75,0
UCqeAZuysWHCS_32ZnVVwOtA,75,0
UCmBV0HDo_mf80wjZ1MNx2Tg,26,0
UC_T5ZODW5BqOVjQF1uLxKtg,5,0
UCEuafCn84PCd_CckQj-Vpcw,5,0
UCxFHCaDRVMV6w6lZFQSpnYA,13,0
UC1_kmubsdERAC69vhw3zsyw,18,0
UCM2JmrhrdFs9tuF7wq4xTsw,18,0
UCxH3-k4MZzGPvRgnTKeB8lQ,33,0
UCGqU9uxOXgnKOC4xm1NgK4Q,13,0
UCGqYayISHJDuCBULhWOBuPQ,15,0
UCTNyKV4FKEQZTLVkiC9Pu3Q,18,0
UCWD4Sm3-KYJyk60AIne6k-g,53,0
UCmLyMAFZL40O-t8xlPW7zvQ,53,0
UCHgn_3ti8TeShTg2EI4kvag,78,0
UCHkM8UkFYeVnlT7Gp49hxzw,2,0
UCZCSiUDw0p4g78BzsTEFCfQ,75,0
UCIyS2W4JP19Otdx271Qsn0g,9,0
UCIxMkWxqf7UvuG6MsRN0NiQ,103,0
UCk_hbZcBKFp3HTd66zP44mg,22,0
UC-7mid-9rPb3pJEYI5pnPeA,35,0
UCkuVaym26zDkf2TO0avhWBA,35,0
UCUpOEclFcqkjmJY7iJaaSnQ,35,0
UCJ1lDlPGjymSNSXFKfArGOw,35,0
UCkUqr4vqfs2CxQy1Gfj9UIA,13,0
UCJGZVxkG19o8DkINgMpWaHg,11,0
UCY3M7Soro4cQAOTh6FAobBg,33,0
UCzUWrIQiNNiYxi8GHSKe1Lg,2,0
UCzMGxnz9wgUc495XAqJTFFg,75,0
UCXeIh8OGZB-W6gF_vV_IKNg,12,0
UCJVIzyBi73-Nh2aFqaWf0rw,94,0
UCIg6dsQDC-tnF9iCLCDbYIw,38,0
UCXDpCEJ6e8_PxkuBQ0zu2Vg,4,0
UCJp7TWXLybr0pLF6xjrKbdQ,13,0
UCI2Dd5WjAXXkHHw3Svyu5MQ,75,0
UCyv5JdyYmM54mP-fM8tWQ1Q,78,0
UCjxLPNAfIzwansU6xxv7q-A,5,0
UC-ylP_ppC9Znx5O3xJ4LodQ,26,0
UCKQz63Co8dZZUfcc5s6Vv6Q,4,0
UCWyu3gY65oUUNKBiBQXSgsg,75,0
UCHnCHrv8S6miJ2vVc3PKgGQ,11,0
UCHkcWssAskr9K8IoN5cPh9Q,55,4
UCIuxyPK_R3S4YWXguubJ8AQ,55,4
UCFpoeKImxYEj-4e07pXLAXA,45,0
UC1o2pbM0jy2IcSLsAlM003Q,18,0
UC2RFDl1HFlpHoLzHRSy3d7A,75,0
UCLEbyLQruyLt76XVIbGEWRg,45,0
UCL-3Dm5t_RFPhBgDFcUgMOg,11,0
UCx0mOTrlXwds7mwOvbzy4bA,18,0
UCv-c7D9RQxq37QkBXjaqQdg,18,0
UCmaohZTAqzIPxj18-Fj6udA,5,0
UC2Dw8aIrdyIcia6z-U6voag,103,0
UC2zLkWB9r1uE6bzkrYFtlxQ,103,0
UCUhS35GivBFrsXENM-K-qBg,12,0
UCABOK9Rb8K-bal0SxEYRI1w,12,0
UCFut_sX5Pwx3TqjRCgl0i3A,5,0
UCmduX2aMGq_OP6X9xLRSi9g,4,0
UCxFlWbYYBqS9kTV9nm0Z7vQ,4,0
UCUchAUvNvV9WIFBeo3nboXQ,57,8
UC1vwbQJXi-Sa3Pv0b36wmCw,57,8
UC2qnf5z8w9WEXMz01DfsDJg,13,0
UCSKlpvCidN1dhulYT9wt2cg,38,0
UCa_tpaMxSwSRXbkFLd7BdUA,52,0
UCgDu-pgGkkTM9-QEaQ4OrlA,52,0
UCR9Lv6HjVgDvmKOFJXD-ZDg,40,9
UCk2rsthHxh1RsY2oTraC9Pg,4,0
UCkAG6XorBpH7iJxmmNU2G-A,45,0
UCcO0SJ810Fc4tU_T1ra29Ng,45,0
UCih1WIeyA93j-KCPD1PkoDw,26,0
UCPNndL6vNT2b3JpKxWcGhHQ,26,0
UCEXTzxrgMATRW_atWlomaZg,43,0
UChxG6HmREgh8CNPsBKqp6kA,9,0
UCigbIio-yIBllqQE4IxWsQQ,15,0
UCkEFfXaaezLLLP9wvRvY_2Q,29,0
UChuQqw40hiKMN5xsZ2_4fuA,29,0
UCkES-zK0EzU6CE9EsCyjKhA,11,0
UCfqLlef3Wgil-ISVaPkT8aQ,75,0
UCkI3geAwHuRH-Tkl6ez5pqw,29,0
UCfqJ06agueEi9DZlSwoj6Rg,103,0
UCkJR_yGIY3oji_vXH0fqr-A,18,0
UCgBJ3ekJIDu_dmt95ORLpdg,5,0
UCkKvleoycxuceKFcauCJ26w,20,0
UCfq-Yxr7vqFePsRCbE4nwMA,5,0
UCfpsDP2i-LiVqvFzOnGxH7A,26,0
UCRIl-q9OMAdRwafZOn_NKMg,40,9
UCg90LrgngOSjhOD1YWuYUmA,11,0
UCjqdSNrNPpfBy-M2PiAiU6w,11,0
UCg0jxJhrXKskZYBWOrlQYmA,59,6
UC0er1VrYb9qXNIa7pVuxvdQ,59,6
UCg80p8LrCFdIqwctiaf8HUw,4,0
UCi0oDuwYpOvoUUA7b_d49MQ,26,0
UCg5fOJVnQzYCOuijmqggOfA,17,0
UCdi5NFYnxWCQQ-dSzpM6Flg,17,0
UCCSABl0pTwxS0gkN4YOStAA,43,0
UCi2PJd1raphVinAL8sef-7A,13,0
UCjv9uTteA_a7qfn9sfqKNxA,13,0
UCBDB3VrQJjAX2y5ikgC1nWA,43,0
UCi7CBfLJBli5nusXVh1Ku4g,60,4
UC6hwuzro0bslAZOHdPGWpzw,60,4
UCg97z6i_b-1NudsYUYHdj_A,75,0
UCk0rsE9tekDB_jBw3WFzuRA,43,0
UCwhZXlr1jok_s4_TlhVMsyQ,43,0
UCik07Cv1G6YSCF2sV70AzCg,13,0
UCg0DjU0mtWC-BGBD3QzqC-w,2,0
UCfyiBdb9kvBTtquRC2PxtJw,29,0
UCfwueWgmv22fUptt0WuwgNA,7,0
UCk1-jb_B0prui4Cb_aYmpIQ,13,0
UCftMIZKaGxvRx5IrW2XiXSA,2,0
UCfp7KtscidSkf4Uk5ppjaPw,61,6
UCCbHeE6pG9OHhimH-qZ8_kw,61,6
UCfrxvM6vkJ47kmOOIpiCsYQ,35,0
UC_VVqClILw_CPUuTEwcht-w,35,0
UCfrNKyDLIch9RTcIbfvQ2CA,52,0
UCgAHe56smBEscGHpxuMsHnA,62,8
UCtfSX94P9kmcoSctkG7u4Rw,62,8
UCitBI0J-lsBoLXPKldoc3fg,29,0
UCfgqkv4mGyiTGfGTMMw-L8g,13,0
UCkM7Jke_ZKjH_7ntU3FXXyg,11,0
UC7YNnFqOYEWzcEP5jr0GCNg,11,0
UCfBr5XkZb90tOup_ujgC0kw,63,7
UCZWnBCX56tcyiFMO3SuM_gQ,63,7
UCfIb4qBVNNmiP58dvX4fL6Q,18,0
UCkR6VsVnwV2kVqFIVgRd2xw,64,6
UCw2z65X1FobCD7tX2wMTmFw,64,6
UCkRO1XTxD7aVg5OVKCDYJwA,75,0
UCiGmM3PbY5jjihFOfbVWjjA,11,0
UCfFpO20mPq765qkViR3Rb_w,75,0
UCiMlRL8m9WW3V5BiUowurQg,75,0
UCfFeqf8Qb2E9gyzkpZvthsw,94,0
UCfCsl7-0VADUKf5MbjKmmFQ,65,1
UCCSFcbFqGWDjQBeQSbQQKjg,65,1
UCfBqOpCQ917vjMflsVgR0Uw,5,0
UCfB1F_16cXmr6KjJnBLecuA,66,4
UCHJdQjdt-B8fjCfhyBm2UEA,66,4
UCkStEcvcLpB10fYBvdng_2A,26,0
UCf7AIoFZfn-SsbcXGWU6LGA,75,0
UC-uOwNYFXRoXuLmkAWUvJGQ,13,0
UCf6j_hvSwXuJnTwSTrAZVUw,75,0
UCf55T447MQ2vl8BfviMTWzw,2,0
UCf408K7BATERzOU_h8nW5mg,43,0
UCzKxSAJg7GrcNShkMMjgEUg,43,0
UCf2ENMwB0mPRmc8PdBVc_AQ,13,0
UCf1ZCczbtAeu7Q5CNQqVyDg,75,0
UCiORiMMtnqfZjC844DJOpZw,11,0
UCfIkFPaRFvKorNcvv-icXXQ,68,7
UCIYFQ1ZP7_Sna0e0DCtFEjw,68,7
UCfno0FabyKN_hsAM8Gkng4g,69,1
UC8T6-fCJ1HyK4r6KKtvJKKg,69,1
UCkPR5w8CD2u8NwCK5YBSTtw,26,0
UCfjo80jGylKIcXTCGcFew1w,85,0
UChtV6FqNLJibyvGnrjrmSxw,29,0
UCfdJGxVYt5PDnHo1JMcZmHQ,9,0
UCkMTwv4eZdUQiqmD6Oim6SA,75,0
UCS9ibh3X1RdcJ6WJPt3Supw,40,9
UCkMgXeuED61_Sd_7yA2j5dQ,13,0
UCfXgW_3Kshlri5JQkOYtHCg,70,4
UCIjl6g7nbnqePj9M6fLS82g,70,4
UCi_mikKuUrf9cI4TeK96DZw,71,4
UCGoZFko-6iForez5lUlAWtQ,71,4
UC5uBpzPNEKiQOcIxxBE_SAA,70,4
UCrvaiii8HjbL9LuwZsCkIHQ,68,7
UCkPa2FGQaBU3YisF-AZonYg,52,0
UCiVB6j_GO4-2M_yQJbj5hYA,11,0
UCfShnsKpQ3D0HI72hzRl2Xg,52,0
UCwWnjV6I6hE6-_DH6XlPG1w,52,0
UCfQ4jRHFi2DMN5pcuZmgQUA,75,0
UCfOXd928rEJ33b9_oWlBi3g,11,0
UCfN8vBMKJula7x5HLgMsovA,94,0
UCfN8_p5xSeU-4cGOz9en36w,38,0
UC-0uQgOKAHsEIyGCQ1EbUeA,38,0
UCiC1mUrrAktyytDtlJ8MMQA,72,9
UCKhpSU4Hm0dBbc_e50m6eSA,72,9
UCfJDs8j9gstS7QX47nwCE1g,20,0
UCsOGSoA1-fb0SgMsbBnoSKw,20,0
UCiQvG8F75vbMfAfwjkhG5Ng,73,6
UCNze0csPeqwrZ4Q4Z2QFMaA,73,6
UCjqaaY4-edrl_wJyosxeSCA,52,0
UChn8r4R7IyImVZCM-BB9LjA,17,0
UCgGExL3sg7Ady51SuO9f82Q,43,0
UCtY9TtYiqDsSJBKSFP8kVJw,43,0
UCgn_Gwz9P7WmlHCYkmdjdlw,2,0
UCimle0ukYYEirWXtLHrvf0Q,13,0
UCh1d5553lN5LcG0V0rSw8YA,9,0
UCtUgBBH5212wAh88xvUuICA,74,0
UCizCyVLa8j9bHHD5gAO-6Ag,18,0
UC_O9zlOEEYfMbZZrKZxLR5w,18,0
UCdFcOz2ALKoxKDiiWS-LrDg,18,0
UChWaVwvDs259f2SNQfHxnlw,2,0
UChYLyvgbde9-N2k_EFkm58w,18,0
UChYTcDIJFYazJyPb6KTWL7A,17,0
UCb0QwA3tH03-qE5p6gZSjNw,17,0
UCgyyB22_WV7VIxX8dEojk6Q,17,0
UCgp3jPb5bJeh4TjEXJHRTtw,76,8
UCcVdL1dpdjF6iW9k2f5pveQ,76,8
UCjq78AQD0F2awOt4I0BTkvQ,26,0
UChYXlE6XOX32ULmKUS7TflQ,9,0
UCvbkimYRQnYHIbiz1ibgcGA,43,0
UCgmKR3lOCl4QEnzLwWfyzbQ,75,0
UCgj3O43xI0-BI3Qf3Z02XdQ,5,0
UCgiY55qmPJFOOuKembbZZAw,77,2
UC6FGTxlyoOLSe04-XRlek-A,77,2
UCvAgsYOrRLh3WpStWrqfPWw,43,0
UClO7tI1Ug26I3n0kcjv0-JA,78,0
UChc6xSBsyRgzvKaTt0c56Mg,79,1
UCeETgSzEfBfI-tmp17CTGbw,79,1
UCggvWrP70b19BnLjouJEqGA,9,0
UCzu04HPVWYHt-5C7K_cHu4A,18,0
UCh3SsuNToTapQ05xwcxn7UQ,20,0
UCh47YONQMNP5S86jSsW9fzg,81,4
UCVXy-c6QRn8vhPRN4BOuLBQ,81,4
UChVHSEniOW118ycfZ0IMLJg,82,9
UC7iBexgnEj_0rz_rwz4HFOg,82,9
UCiun2qxzXZMc8qsW7IuiaDg,83,9
UCyRaWGJj1qkuJpY5uK7VWKw,83,9
UCixtTwbQuwO1uboEq1QX6yg,5,0
UCiz1fP4ejnw5aXBk1I6qMVA,45,0
UChPDYHAFe9KT1Ga_MVeaO6w,84,1
UCqwUjWr1Fyoxe2lEKBvZKvg,84,1
UCTSOoT6UidunnQQXgVbjypA,84,1
UCLkXQAWjKAwdhXLadc9gbCg,84,1
UCisnd-7nGxUkn3XICmLByNA,85,0
UCt20fzmm1yWC_vC9Dl5nNwA,85,0
UChRTlYk7ReCkeZexlQlbrHQ,15,0
UC9QSDrp4wkyMIfiPRBZzjMw,18,0
UC52GU0z4ZAJDAayXjIQycXw,84,1
UChIjvhb1UlWblTthBxkkAsg,94,0
UChCeAv53MmrbWbYo8iCOAGg,86,4
UC3H2WQepRaPx8iUU9F8KA4w,86,4
UChBIjwuWGypGgjdScDv-NUQ,13,0
UCiqJJtJ7Xwj5YSMXTs29-6A,38,0
UCh8tk8K5NHASv1vJPJcCuJA,5,0
UCh8qUa5b5KZf-laSjrUmVGQ,13,0
UCh7teJK0komP3IJQuQgzcdA,89,0
UCiqBwueEH9YWj68p666nC0g,87,1
UCFq5vPnNRNNNysLrktz4aSw,87,1
UCgdloSse-HB-HsajAieUySg,88,8
UCrKkPBElbPhvTcLgYJ_L6ZA,88,8
UCj-YiVj7ZxRNmNqEnwtAL9A,29,0
UChlQgWf4AprKM2dcFUxHihA,29,0
UCjTDH-haN4oX6yJ_D-ApGPQ,89,0
UCCtiQezFY1ZI69U__80XPaA,89,0
UCgOOjkrVAC4D0p5qtKLNhNg,26,0
UCTj6BySAUIh0EyG2rVSG_Vw,89,0
UCgNukr4FXdetJFVl0cOyIog,12,0
UCgN1MZWCmDf3EnN6X_62pTQ,38,0
UCGOru0gAZH0A07M1mxS6ydg,38,0
UCfdmItM-Afl6Y_QJGecTLvQ,43,0
UChmnZ1RBJVJOhcNSDm9oo5A,13,0
UCQn-mHhIj4fP3F3XJK2dguw,43,0
UCaSSR-CelvTmZBfgObgXOtA,2,0
UCjWSv1fO0Lkt_iA7y6vVnOA,7,0
UCjZ05ipObnJhVdaixRXeHeA,29,0
UCgL-MTUJXVwvghDH8sgOhDQ,9,0
UCgKeNbnp5WGRyEyzfq-yOiA,90,5
UC6juUGSJu-RvOFi6DgJe1HQ,90,5
UCjdPT8guq1V9S6Y0njPyvBA,75,0
UCjn-_WSEc3NUp3cn-fKLO5w,75,0
UCjoTJB3raRtRArstdT7mvJA,75,0
UCjq-H58rdDPy7VvmSDMxG0g,91,4
UCkiIK8yFjyMkCeP-XzAlT0w,91,4
UCgf7HXuXCJNh5bFWeKzm5zw,84,1
UChoqkWX6HxXufTCUZ8Q11AQ,75,0
UCf1NORPrWQBfvGG5G0VNcrg,29,0
UChgouEn25_l-8jz0fl05G_Q,33,0
UCgdX716KaCpEDvhFEjOsmOQ,33,0
UCgOwQ4K1DXbAMtIREnRpLyA,20,0
UChcNNZNFQRkCi6XTh3evZug,103,0
UChcXi2eJqAYdAoro3mQysxg,26,0
UCj0r9SBwXHshPXnHPYtSvmg,13,0
UCIqq8WgNwcGuOx56wTxPR0w,74,0
UCj2SZIKoiGLqpD-kJyE-wuQ,35,0
UCgaGFHGkajK7qZO7Q5pMzCA,103,0
UConoUYwJ0sBe8GK-x4isNHQ,43,0
UCgX7bJWweIb7z1mnBy_009A,13,0
UCgWA-R-84zgrBCn4UutDvUg,5,0
UCj2maC3wmmkXGtC0_FBczww,92,4
UCVHgfXE1WMoZu8YRc72Kv7g,92,4
UCj6YKFhrhWwok4p5_n1NvJw,52,0
UCjCEPj0eBtzcFwdQGp5JDCA,11,0
UCiO98926-1V0W1B0KM9WyQw,94,0
UChc_rtjq-O1uP8XG_iayAgA,11,0
UCgUSBs1EI78YX2wHYvp3JGQ,35,0
UCjHK0TDTvTwKjW3y7im81-w,7,0
UCgS_XRFmLNpmpX4Q_giyhQQ,93,4
UCVJRLJqmL_jsaeioOcF7LcA,93,4
UCjI9d4iAu3mpR4XdmSjEwaw,11,0
UCgQ80yK64MKb2eXsfgPC3mg,103,0
UChlhvuqZlVc9larMdkoMO-A,12,0
UC--kixcUv3BsDwFY_pPL4Gw,13,0
UCf-9HARTycH0_QpyAkFszzg,75,0
UC_zW2Ysv87MUexzN_fjO6wQ,13,0
UC_tdpU4ZZaEJagc6L8UAXLA,103,0
UC_u3XHxoD3JkTR6JszPydVQ,78,0
UCxVODtHqh7OyJvsUNK2R4jg,78,0
UC_uAFz5N_DHZuW75PGbBXsQ,9,0
UCD9dk54Tb8DmWbh0B-h6FpA,9,0
UC_uezawdTc17jyRxIMIFfOw,29,0
UC_w1psXsF2eY8885EE0X6Gg,33,0
UC_wfZg6yz4vB4iBxDHmLjkw,11,0
UC_xDzu58muf4HitaXlBqc6Q,75,0
UC_yZObG3age6H8yXMw-DJYw,29,0
UCa-wuP6qpk1paHuutS9x5Hw,75,0
UCbLjOzsnZl40LH_ibZe4rfA,29,0
UCa2dMvJHVUYe8hrc6Qhxvbg,94,0
UCa50_QNs6AuE6pQ1rGAbKJQ,11,0
UCaARN1bGzRAKjsbDKhfjS-A,11,0
UCaBJkpv2KKcbG4y16KbhSLQ,13,0
UCaBcJg8xevuHglO81KvCQRg,45,0
UCJ2Zu26Etx_oo8O3g5e3Fzw,45,0
UCaDclQslA1cZwcF1Zp0qAvQ,85,0
UCaDzg-X3LOhqtxKdg5YUlXw,94,0
UCaKPVKEvFH0S1okHkEgm_tw,75,0
UCBB50qCMHuQ5v7jw-0il1BQ,103,0
UC1DIZcaJzTuC8UzhwFwdu8g,103,0
UC_pb33CTm1EX1QndMfjbCuw,15,0
UC4ZsfQ-ttDJBAa2NcWZihxA,5,0
UCCrMD1vXiX3ghZ3E4or4KwA,5,0
UCN73eaKd2_VZzvc10o5ljoA,5,0
UChUbnz28NJuzQVeNm59N9Qg,5,0
UC_Txw1aAsSxtoPXF5n2padA,75,0
UC_W_DsB0si73gbCq47lCXSw,53,0
UC_XEKSmzXBwxpu-8bwOZxCQ,85,0
UC_eQBJ-NIRKWpUFkpYy2BxA,26,0
UC_gweb6Y3hexV9OoTwW1ALA,38,0
UC_lL_yAwbarbKZFflXoDf0Q,29,0
UC_ljTZQwJ6kvzdzNH4exlmQ,78,0
UC_muKMI0uRFLflJUU9xQPCA,4,0
UCaKbF3SzGaq-cvO4tS72oHw,95,2
UC1aoL5YNK5maHkqYAxYijfw,95,2
UCA4RV73Np78gMptkehkA_9g,95,2
UCaQyvWlBSmYro3R55ZShndA,26,0
UCYsOxcFG_eZ3VEqxJna9v2Q,8,2
UCawTachHWutKaMLD579HIbQ,45,0
UCawq9UotburihjOtpsn64mw,5,0
UCazBhz2DRozZNSdhUNKZTTQ,15,0
UCdBebbIP4pmux84QjYg1BXg,15,0
UCb-BCLUemc0y-zPZ0VJaFjA,13,0
UCb06njXuBNbcWGaWrELAGnw,7,0
UCb8qHaaumrrJr-kLzVuGjQw,35,0
UCe9fO2K_mFbU2rwiZGt2pcQ,35,0
UCb93ekeMM8BKz7fTkvfSiMw,9,0
UCb9F9_uV24PGj6x63PhXEVw,11,0
UCb9yI40qfo_SPzbgxqJyIyg,35,0
UCqYr6YSfzUh1AULjaJ-dpig,35,0
UCbD6uv5kLRpd6PH_L7yhVhw,33,0
UCbEEhW5AtILIsDDBkasFApw,13,0
UCbGJ7lqmU_mMpI3BtMiLhjw,12,0
UCbGptz_x_-PkYJwdIrBwEaw,74,0
UCbK6Yz6P-pitvB5Ed7-SV-A,97,2
UC2SmJdM05F4SxsUMk04jkJA,97,2
UChrKX2JzfEAWtCpW81pHEsQ,8,2
UCHxZiC0fCA4vDOsgvvpQKKA,8,2
UCaRVl095pYoifNhsdjHr9xA,22,0
UCoGqq0fJsDBCU3PgVX3IGsA,22,0
UC7IgJgokybOICT0za0qSj7Q,8,2
UCaSIIiFgIx1mQt3iHYGcxPA,75,0
UCaUYLMCeEc2sdLT5TiWPmKw,29,0
UCaUsTJFdjT8UY4JjXfZQOnw,2,0
UCaVnuh87SY-tm1MFrZLyJWA,13,0
UCaXR17nzvL7BukvQWQsYuLA,74,0
UCaZSGRtOhpvbLTndlkOK6dA,15,0
UCa_VbkgqmKjREkql-xiI-uQ,85,0
UCacu87vsFT6rhoumvKikJKw,74,0
UCadLxvYza2AenFbpTAm0w6A,78,0
UCaf71uVNDljxPPEvsDWko3Q,85,0
UCWGXEwEwXP5dOjQMpmtriwg,85,0
UCafoaPr1Kvjl17EBgv3mRbQ,52,0
UCagwkIp91Q2KoEwvIsgKU8A,38,0
UCajdioBe_QG_mdZkduQ1cQQ,13,0
UCakopAU6qzcZHOssFDJ9tIg,13,0
UCanigOup2KABGyzs_DrdpsA,2,0
UCao9SkJtY0vk-OPTsocmyyQ,11,0
UCaqtpebi2PyTehm9mal6zRw,74,0
UC_SZImNrRgj5Fhh_nV2ci-w,43,0
UCYoOnXH2otY8b5kwqz4Hrdg,18,0
UC_BT10JxkHEMRggRA31TITA,18,0
UCYsSmcvubrvwPbqkAb4mrxQ,12,0
UCYvuN2TtPvzBfGmDpn9bh8A,89,0
UClNMPpBecGKLulxwfwC0L_w,89,0
UCYw9bHJrCLLd6A3xfwA19Lg,103,0
UCYxSc6L3Xhfewyvtuah0G6g,74,0
UCZ-pq32e0s_XLM7SyT-OdmA,26,0
UCZ0prJ_E036kQ3q1Oxn531A,74,0
UC3joSmKwR7Tt5LyNqTCzZtA,74,0
UCAdDab5zrBajUiqeqKhslhQ,74,0
UCF2ilSYhwGmAEYskhF1Q3sA,74,0
UCGBL7F45X-t3-YFRhZH_TsA,74,0
UCS6iLh7lM5BfQPNZGJjKQIA,74,0
UCeXn7A9FEg_pPs18rEVEsfA,74,0
UCZ1_2tu3AJcndWhoLOCHeWA,9,0
UCZ2hcGJc5UaEdX4iK-ABySw,11,0
UCZ3XMpzAZ_l6hMR7GoGMu9g,98,9
UCiaB2ph5GJC9dORa_vp2TFw,98,9
UCd9MBjadS5P0ah9Iwuinf5Q,18,0
UCZ8HTxJr7H9f6IUtnFZyh1Q,89,0
UCYoGV4LTq8XU9FqUf06kUPQ,22,0
UCYKb3anMeZKXC8OLBZ-IheA,89,0
UCYKehyDK2pdBIQ9EGRaVDuQ,11,0
UCYNW2Z4G_CAAdpe_Ior0J-g,13,0
UCYNpYU_Chov3JDUHIUn0YFA,13,0
UCYQhTdHzqeiRIoE9J-UthoQ,21,7
UCYREsnAnSTWl3d6COdal93A,13,0
UCYU50yPfBOzpkKwrneF5GPw,103,0
UCYUqmHDDJRi2zTkbb8WfkPQ,29,0
UCY_qaGhyx-HfNstLQVKH_PQ,99,1
UCVPjSYAZWvKJP1RAfYgGd8A,99,1
UCYbWREX32n8vQ1UoIydRyGw,100,8
UChgM7OxHTkTsz7YinELCd9A,100,8
UCYh6T6PbTBAWu7Lv-eOJWdA,29,0
UCYlSxjsvvcEWuKNs53prvIQ,75,0
UCYmPlCB93ycBvVlnoMR8-gg,7,0
UCYmY6xxxZPzyRpuHqnOKmFA,38,0
UCYnmMBqVwSEjkFXk2lnTPGw,15,0
UCZ5iEqsRoncj1QxQdIupvSQ,53,0
UC3YCrRh_b465Ma1yM0SuKHA,53,0
UCVp5LEOru9jvS_VeWVdMGPw,4,0
UC9iVv47IIeJvLWT8XBJT2dw,43,0
UCZtqMzyCvSiOiVk5Z8iNEDw,15,0
UC_0m75bwOW3nmhn1pUP2iig,102,9
UCQ1Ec_LCWfAv0V-xJkOmxAg,102,9
UC_2cEXfid88xcq7sUuZZvFw,53,0
UC_3C87s3TYABwnuLB3Lasig,53,0
UCy9q5_HD1MinDMNTg33-NKg,53,0
UC_4jnDp9xpiOkAeVK-0YONQ,75,0
UC_73zMVx9BV8yjzT-vCUHDg,29,0
UC_CGKPdFt9618XBs3fnE6lw,7,3
UC_CXBWrr8ItxaH7l4mOlycQ,103,0
UCIqIWCTTC1dewoVwrWR1Gqg,103,0
UC_DwYYYZfZgUgN430FLGq7g,13,0
UC_G2j-hmBURb60PheANF9Eg,104,1
UCMwbGXfsHyASVQ1zUsC7kyA,104,1
UC_GYsMB-sXlrckN-WDRo4jg,15,0
UC_HOQzEO-bKTh2C29ocroaw,4,0
UC_KmHUH3liordyLajN-j6gQ,5,0
UC_RsGtGpxX5N64Y5k_32K6A,13,0
UC_SMK4qVjNsOhpHHd6158BQ,89,0
UCZzNCEAhMgzvj_t28Oy93EQ,11,0
UCZtKAE3jRWi_mV6D_QsBM5Q,17,0
UCX38qqKd43kS7SgHHmeVPrQ,4,0
UCZrYhhaYU0HEYwwEBZ1moNg,13,0
UCZAScVXQ6ZC13eih-3j3aTQ,75,0
UCZB5To5AxD1cH339s2LxT8w,75,0
UCZGGqh8w2g1EHjsOfta4B9g,103,0
UCZKfYsZ11I-Lt4HckGI5mxA,17,0
UCZLqn8AR0lKw6hXc5GeJVTw,15,0
UCZMI_5o421Fa8wMMclsTmVQ,35,0
UCZOo47DUL3diX5UuC6jiE1g,105,1
UCl3VglywnW3csqHWNCPQoNw,105,1
UCZUKatRDUnqVvWaDKctgkGw,45,0
UC6J_NyXodOrBvtnEBU_Ucxw,45,0
UCZVTXouH1Jn9iWXzUWcYllQ,43,0
UCZWYeTKL37dceizEUmA7-Ng,53,0
UCZhDUocfl2LSevhFQO6N3UA,106,1
UCaJ2p3VAmm9CA2udXaBFaRw,106,1
UCZq65mY0OzNv-gSIzJx7VBw,2,0
UCZqyGlhpl2ElNhp-sjQL9hw,15,0
UCeycevVBC749dMT5nEI2eew,35,0
UCeBhOSf6CLv_-N_x15vY0Qw,107,2
UCO16q44umjbBqmWFpJnxzZg,107,2
UCe0m4HokyTOiFzCIb-Qvt7g,64,6
UCe4nBHvAxGuKSwilZtNHxpg,74,0
UCe4zi084yQ_ycwNk4PdYwQQ,18,0
UCe5ScM4jIVWRtkdwAUyXXmQ,108,9
UCr-u8epTEZYVJJ302aGxfcA,108,9
UCeAC9ldyb4dzzm5t5yJEvbg,109,4
UC2_WO1DUEHuZi-A-FtgSHHQ,109,4
UC-BN-LiBJEvk39kZPBcovHw,107,2
UCeCU4VYfcxzayGPXUj6Srew,9,0
UCeDjkl_vcV003yFKuj7fWDg,13,0
UCeHAulpl7_M7EgomuPVXYCA,43,0
UCeI5HNFMGAysK9ADGiZWPBg,13,0
UCeJJD219pakusgD3DcXazAA,33,0
UCAJdJfOvkDH9jtrf6YuGX0w,33,0
UCdy5YvIbQjtErMcak3bqw3A,94,0
UCdvyYR0L6te_t3SByLIYXIw,11,0
UCdvmW9-Eub0kiBI-8f5hwBg,17,0
UCu_n7CWmx96ic21FQtALy5Q,17,0
UCdrTtXD4FNTxe1dreQva6Pg,38,0
UCddNQYFc8jcZST4vtr_mjDQ,75,0
UCdg5NkO44Nio5_JZ-dvw5mg,12,0
UCdgHzfT97Qd3SO7miTdtJ9A,13,0
UCdgdI_CheL_RSt9UgpOK88g,26,0
UCdk3xMPODyMWktiGUeR2ofA,7,0
UCdlYHgAvxVgcBXZ5ew0PcRA,18,0
UCdlr3w7o4GIK5NioUE4faGA,110,1
UCbnubYqJ6U60k9EpLOULSiQ,110,1
UCdoD1vK3wb5Eg7NG1z10KSQ,112,9
UCTMOpfRVj_KiVxUBRZvl6Sg,112,9
UCg50txrQ_ELfT3kX62saTvQ,112,9
UChk2vvKX7lg_5k9rO2YfEaA,112,9
UCtzctNYPPvtkJVmB8T3gAKQ,112,9
UCvSGphU3GG3JRmeBEBNZuww,112,9
UCdoOC-JCTj_gCv4BWVqcfoQ,9,0
UCdTwYxWcPrEP-D5nDOJvX1g,38,0
UCeKfO4FwhlhGAoE6wTHX9xw,73,6
UCeOR7Xw2fJKA311M6Tr31Jw,17,0
UCeOfhCIVsLx6sXDtvNyjtRQ,15,0
UCekOMABNXV8nVg9tWxs-5ZQ,38,3
UCQLguYELJsbIjGidKmPvCVw,38,3
UCc09kae0abdW0LmJOM5ePJQ,38,3
UCf5GEs8xiAFGy5KmmnGGNJw,38,3
UCgtFCj1ETx3lTVcnWH0c0jg,38,3
UCjY3SgNoEKyuM_UEENSh3XA,38,3
UCjsykBhWVRrgVTaa5ot80yA,38,3
UCmyFlLTutz7hPM4it_zggcQ,38,3
UCnnC5DpqFCofPdS9sRqueHg,38,3
UCqXlwZnvUnFPaKF4FGDcOIQ,38,3
UCem1IWx0BTFSLisMbGR4n3w,11,0
UCeo10RPHLcDSILzB44RKjLg,75,0
UCeqet8GL0OpNAATUHja-ceQ,75,0
UCesa_VPic-T3seHoRhZT9Ow,12,0
UCetQ8YkWPi8bIa7bd7UUnjg,100,8
UCeu3SxyFzH-tA8YdlrzYD3g,38,0
UCew9hGx14Kr4Ab5r-Hpdmug,78,0
UCewb7r-chJW-qGz75C25ebw,12,0
UCTorqdKFtIz0fwuOFI-BMug,38,3
UCJ7Eq4gN4nWUqU6qtMRITkA,38,3
UCeOjxlRxq3ayRHquDmF6bvw,114,2
UCSpKznuvQMtbXu49Th-kAVg,114,2
UCH25ZYPGhQEgHTAnW1aCJPw,38,3
UCePaKv0LRtahygk3TuZf-XA,22,0
UCeQ1toWCHaXxdxzPQPWEZ6Q,45,0
UCeQiXNo90F45d5EAyInpDmA,115,1
UCdNLs8nLjAn9-jEWhIkSzQA,115,1
UCeSABN8JOsvwjrQt-k7wNTQ,7,0
UCeSiuH2dkNF_R_HS5IM4wag,94,0
UCeccZTUO5NjjiskJVVhSLMg,35,0
UCU9M_f1jPifN0ks2f20pkAg,35,0
UCVGTW2sd-Be0dIVjmWVDVPw,35,0
UCed94Dfk2QmJPhf0Mm1Hb_A,116,2
UCQb0LZttLgHCaQN8oOUf1tg,116,2
UCedXnB1DunlcPssSKARGfwQ,35,0
UCee2b8tsjf_iOsKIZ5DRLEQ,13,0
UCefl0N04SrVKjjxUEb1o0-A,13,0
UCeh-EBIi4M1fMaqZVN0k9Fw,17,0
UC4OZVaOwqNCjT2Pf48ktAXw,38,3
UC5PG4DDB1RJ-zEi-POmUmmw,38,3
UCdZY0XOqh5mzDJjW0lmaLfg,2,0
UCbrl3GeTyk8hgyL1Ie7wYRg,94,0
UCc5kgMkX1O8I4SLxuWiUkvw,35,0
UCc6yElw5R7jL88w_FJZ2uxg,74,0
UCc8Hb1P_tnDudt0egj4HVQQ,75,0
UCcASvi11NN4jaVlZC16QWMg,9,0
UCcG527x3OjxxCkUROwYg4XA,52,0
UCcG6XNA9Q8yX-fmecX-EFoA,13,0
UCcH2HCnvfJ2-fiiqhzpJFJw,13,0
UCcH3ftzvpoBoY6yktPAMeQw,38,0
UCcJFqC16yhxSRU02Sp8Tt7w,13,0
UCcJX52Tccc9ULv7NX5Y72Ow,75,0
UCcPqJhqYrtQ8-a_iB3guRsg,13,0
UCcPxNBIN0EnpZaa8WwY--Aw,7,3
UCcSHZ_OPD48Sd_suqzOXXNA,11,0
UCQTN1mhZdPvQG9TOMBfO_Rg,11,0
UCcT8KQg3mechHf1guHd0BUg,12,0
UCc4NQhDWCp_OjIc3ZYb8H3A,53,0
UCbpExOeatZx3a9orTVF9OmQ,78,0
UCcVY3b_kIJHhnTEXdo_OjMg,20,0
UCbmQ_WqhnewevrfHZQi082g,117,7
UCgp826RFhkKNeszekw_E-yw,117,7
UCbPg7jPzk6o0yDAhXt9EvHQ,75,0
UCbRJkod7kN3t6Qo1ibhz4uQ,13,0
UCbR_MD3B1zWro6GT8ls4H5A,44,9
UCbYIoboJQQbZ24Ipiz_F1EA,43,0
UCbYiI2YoBHu6LjETBdph12w,20,0
UCb_Giu4j7bQQX9oDVZVYOdg,75,0
UCb_HmgIRtOA94CAMi56T5Sg,75,0
UCb_mayi5mLpiFvcKbCKCbTg,78,0
UCbbn-DRXd-PLMkt_ZfxFWKw,12,0
UCbg6ZFOGjmeja8JiemMkikg,103,0
UCbhHvuiZ0wuvlEfSQfJo47A,11,0
UCcV5kzPt3CXg-hbRdhaB0iQ,33,0
UCcWJRc2C1JbdQNmg__Nbh8w,15,0
UCdX-jOA3NuyhJ3PwEMeOQ9w,9,0
UCcqxADXCNmUd_-KbPDQLEEw,103,0
UCcs5S9OaxZnCRGlnzayzsaw,94,0
UCcwbPj7-R_aWVNCJDLkprjg,12,0
UCczDj7mBl52l_tJ13EQf_Yg,89,0
UCczswsLa-dNqn0UyMc25nUg,75,0
UCd-wHGNlWwLFF_IITvreDmg,118,9
UCzmYLDB5cQ0_ditJ6jWMcpg,118,9
UCd2EQNQfPN73SlQSPYeWgRg,75,0
UCdAYLW78s34bHU3ZRRD1l0g,35,0
UCVzyNGW1fwX0Ga9aavVhPYA,35,0
UCdBZDbxXuMKmAnUrQUztfcQ,85,0
UCB-lOXyB-9jIVdfWDG0kruw,85,0
UCdIakICyDHBcj8fe5IWX0KA,88,8
UCdIo4oJ-EKqcGJAEeZQTuXA,75,0
UCdLJhos7QJz7kq85aDAVSuQ,29,0
UCdRT1ztQQIWkSDqhtrpsGhA,26,0
UCdS5qGdaidFps_sHTPkuLeA,15,0
UCdU4wOdKChuDRvgEMLMWp_Q,4,0
UCD6GuyXgr8pgPj-eH8f7Hsw,4,0
UCdUSdDdgiQdhbnBCDUpSneg,75,0
UCdUyJSsvUc4dQsNWf9tRPHw,17,0
UCcrIpwGEZCUVzJj6uxJRQ8w,75,0
UCcmqBPM3bv7ZCFcmY5n3pbQ,119,7
UCeJeJZYj2iYCLeCvrvx8ehg,119,7
UCcWJx1m5XgG6CpOWzgfRwrA,53,0
UCcXHwqncrNLEHUt6n7EatNA,52,0
UCcXS8WAWtNdYh3gJahQ3AtQ,90,5
UCcZXCjqMbI_Hp1IfNSiKO0w,11,0
UCcdX7x01aZUB8AzMVv1Ygvg,11,0
UCcdXV48r4KB01KSYgIeNt_A,18,0
UCcg9DGyJs13532hMnxbpWxA,38,0
UCcgE4OjsHJR3WybX1XnWYZw,18,0
UCchbE1jtVpraLP1Dv4RLbFw,78,0
UCciJChNpwf4lc9c1DRsWRaA,13,0
UCciReduX92yTsewLGUo-Szg,12,0
UCck4prK8y_R6kUbWLo5IxMA,11,0
UCmCfIv9mkvgwTTWWfY8h8_Q,18,0
UCkVObIptJ5uIPq4bj0wkn1w,2,0
UCvzCWWqPTh_EP34K5WkzEeA,75,0
UCvaRBGEKWfHKtEQWNUKZTzQ,120,1
UCf3gY9zrLWbaPRkvaSNadKw,120,1
UCvbT1VCHu2z2B6VLcSlAECQ,85,0
UCve39eA4BpsZ_xMCam8Nnqg,7,0
UCveJpCNN_55ZqdUbB30f_xQ,38,0
UCveYyZve7uEc4Hk67d2Wtzg,26,0
UCvkYTJWTS2nNXFvNn0lRZbw,15,0
UCvlGPnnLsor565NprCjWOFA,78,0
UCvmCJ4RvpJzpkUNghuAxqig,75,0
UCvmoKcJioG0ZbpBw_bRvRuw,75,0
UCvqYLwMyCfV9cCOHzHogbTA,29,0
UCgOQvnxnQ1Boquq2igwlm5Q,29,0
UCvqc0HpCoolaNyzenq-OgqQ,103,0
UCvrE95T_ordhDTuvjjeTzyA,18,0
UCupf4EAOsrI9ZUqcrGIGMyw,18,0
UCvtFEYUkvnNOQF8WizlGrAg,13,0
UCvtOMnpy9N6jh90cwW6P4rQ,13,0
UCv_ZmQr8qzCMwcKruQmbsMg,13,0
UCvZ62E1WtNf6LvfioyepP6g,85,0
UCvYkmaoNN_Vxl1kGf_O7wkA,85,0
UCvAFvjC9LYqqFpybzr8yf-g,2,0
UC7N8EXE3t3aOht3ST5cAxMw,2,0
UCuyQY-DzPu0Ie90Bo7Xk-BQ,121,4
UCJZQ3gpQLyqcQGsRDJyAKeQ,121,4
UCv4Oa3KtDJcjX9c5l_u6CGg,18,0
UCv6yapgn1cYM5iHI3kiIxJg,75,0
UCv90MUaH6UeW3eldFl0Tc3w,122,4
UCGa54qwN-vDE2sxuQXPDq7Q,122,4
UCv9bcmrgWcJsHytmRCqzZ1g,29,0
UC06o5wLPi_rTnaCf-fjIfNQ,2,0
UCvTHZp8qaoI59oTxICxZTFA,33,0
UCvI2pLG_L1MYIj7XGFtpfVw,85,0
UCvIEC2f0TUjW3ZrSRMfgcaA,43,0
UCvJyZt8uyPc82Mp3MIyLVIA,123,9
UCrUxdK7-8Jpso2Jlw5jpZxg,123,9
UCvMxC0KBkJLyPONOUnwft0Q,38,0
UCvPikdtXvHAOT2ZVZythNZA,13,0
UCvRRUSZuE9dQAPjIU6A-eTQ,112,9
UCvRXrrq-0jyUoTDW7r7wyyw,2,0
UCvuk-Z2UXNHgEvjwXxS5XYQ,11,0
UCw1CGxx3mVEfb2AgbHrSI2w,74,0
UCuw7npGAXyGmzmv9JPd_2AQ,124,1
UCpRVgT-dF5qVWZMFDGjzCvQ,124,1
UCw2qFc_ZHU9pxzVj3qqtOVg,15,0
UCwhJ6LtW3yirAEs7r9R9AQQ,5,0
UCwhRVlqzfUh4mptziQ7aDmQ,75,0
UCwhfuothDqac2Acndwb0LnQ,85,0
UC1b_tjEwd_3GgyrvXWOF_2Q,89,0
UC2SjEhUB0UtNWi0YI5fe9Uw,11,0
UC4vY5poch3aIB7Zge9fhqiw,11,0
UCHqOni4YeKPsCcAhgDe-xFg,11,0
UCOPzemp4Ur1-kSxaYr922bw,11,0
UCQOn3o7iPzzMBzjpRFPS1TA,43,0
UCRojqgJd7Z3XGhi-QsieWTQ,11,0
UCweDW98hNrvFO9-YpTAimhQ,2,0
UCwc6qS_PSO2PmDM_kDAnCnQ,35,0
UCwa1C0pk4asLwNrnGj91SYQ,13,0
UCwLTyEilsapsIQlSNp3zw9g,40,9
UCHnOfqOh15YBn97iWslqTkA,40,9
UCw6xInLScV6LY2e3g-E6Oiw,11,0
UCw7FeWiz8fiuYyzL_i-LZYw,52,0
UCw9g_X5O_krrkVzOPgfLa2w,85,0
UCw9ySBBzhXjbEAJ9qpzWcPQ,75,0
UCwKmgaX3fFaPQX36syH_z7A,125,7
UCFxgROnTcC_eq4oMj9TWkvA,125,7
UCWOI7_R70b0FyFvVN8dKR9w,125,7
UCwLMT9w7vwxApWx_uM0BBtA,43,0
UCw_FfhOGGsz1FH_z2gBDAWQ,74,0
UCwLlVYzf2Y-XkzPfpxq9DlQ,22,0
UCwNYpv21qEuHmvQOs_YlJPg,21,7
UCwRyiY9iCrp5eMUG0oU2jHQ,13,0
UCwSVp6kFcxg_OeXGxaENdbw,5,0
UCwT9dmBP-DtHmxxJU0dxWEw,2,0
UCuwtaIBlw-1FC_HlpGjMKaw,13,0
UCutkJfBsndA4Nn1jOdsMLkw,29,0
UC_Lg8sno3tT4lqAZsr_XY1g,11,0
UCtu3fs5WSG_FfdbBAN-uzWQ,126,2
UCdfBzodskPELwlmKqYmZ-xw,126,2
UCtX9v780wwm7VCiF3jDVqOA,43,0
UCEIe6RTLdw0jRBCGgNMksQQ,43,0
UCXPADbNK2rKCsXMv_M1VUAA,26,0
UCsjpGcRxBNZ2yt56DY1s2lg,26,0
UCtYcaVOyzPVCpnSEeEcdYag,75,0
UCtYnobSga46nw5M6xH4eydQ,13,0
UCt_StkgPQkorF1mQZxnktiA,75,0
UCt_h9hNjF5LFV3Vc6DH3D8A,68,7
UCta5g-33vsCdFU1ruCfxWhQ,75,0
UCth-AEAejSGlYCS5preWXBw,75,0
UCtjkh7-RUoryiuGgPfa9Dbw,33,0
UCtjy6uMdk2JBS8KRYXT0rLA,20,0
UCtkRHxozquHcWzO4tX4ZEGA,2,0
UCtpGpdUKqoTCUuOjLRnTcYg,26,0
UCtrAjfnn74qWC0JOaET7ZJw,78,0
UCtrfzXaUNLlDXgKBAvvWkCA,4,0
UC4VwmzapIIuPyR0KmSHRzcw,43,0
UCtVUJJXZvR-MZtWSsyQYusQ,13,0
UCtVKfPjxRGnSC2AqZEzND9w,4,0
UCt8a4op3_-lLT5qkWNuiI7g,18,0
UCt8sMc3_eAYYfdKDlaHLGNg,4,0
UCtBKAQwao9mlvGMknBEvOmA,75,0
UCtJaaxuIMEKUXjCFl1x6xkg,26,0
UCtLO6jLqWsGcW-0D9AFMqxQ,75,0
UCtLfMjHYCxY3-X4sxjCdkcg,11,0
UCtMH_KUJH-hDgwzqp6H5nKA,20,0
UCtPIymINgPQnO23v5AgxhNQ,103,0
UCtQf5SIX3LVUOVy9kkbbw4g,127,7
UC8cXb-dDjNtZJ4i-z5EtIMQ,127,7
UCZ7Q9nJNbV-MqPFPkcUtXUg,127,7
UCtQuhdvsboSRpktU3pd7xAA,13,0
UCttRbe3Lh0qB-zzK2m-c9yw,128,2
UCUqX2IDwHoB2cVcPBbZC5mQ,128,2
UCtvrYhBwyiucxNgj-t1Hn5g,75,0
UCusVhdLHQSy4alolWHx8pVg,18,0
UCtw3Wne9kNMu40KRqHwwR1w,129,1
UCGQmDThD_mO_C4djoEFTcRA,129,1
UClgXnbEB9JR50b3nWllYj6w,7,0
UCuf7YYaciVJpDrrx_naW4Yg,13,0
UCuhXTZOBvBbT_GXCJEOcoZA,78,0
UCult9cJff49VbeA7dSOzJbA,11,0
UCunCPvoNaMQjieC0vrptmfw,12,0
UCQYBuDG-MNrSfwok-Qt4iVQ,18,0
UCunnpSda6MpqhvO77Y6sOkg,29,0
UCLiDERpswLSIanvoB8UHM-Q,15,0
UCV2ofkHpi-3xkPCJZq08IeQ,15,0
UCa_VfOkOMBeYDaFt7WE56vg,15,0
UCuX3OzbLnopeXbHX7e28v1Q,38,0
UCuQe0Ms1pJiBKFn_cIiKLnw,75,0
UCuO8riDlLi9n2hH39qHwwsA,11,0
UCu6REKSa0_4jPQeEpLrj3Wg,94,0
UCu-tAqBi2hBh7t9_FYkKZMQ,75,0
UCu1TmqsWWNxy1BZwJT_j-rA,2,0
UCu2CAstTrrg4OHPj2PuPNEQ,38,0
UCg7udVzQlzVqKecAFzCSdCg,38,0
UCvF8oMeKXeYEEnBpR95Tbpw,38,0
UCu2fhlD_XB9JdJ3Vkiq2nJw,15,0
UCu4pUiTwrpBEsmor8O1_gUA,130,9
UCTLkX0-8EqMp4IvsHunQwbg,130,9
UCuFouraFFkHIEwpsTMH-EfA,5,0
UCuNX0cU0ATFxRLLf_UCClwQ,38,3
UCxHyaY6wl53sQK1UiXeu48Q,38,3
UCuGTfqeZ5IiKTjUlDLRZFqQ,13,0
UCuGfVpXltUD1XiaypQTN7wg,26,0
UCuIzmh94vHQgswjQg5mMwuQ,131,9
UC-GB6_Ip3KRoKKXi5gHmoiA,131,9
UCuJ3loiJ3PfGBAoU5kyBUkA,78,0
UCuKOJtKGtbC_GFbbgNIGlYg,75,0
UCuKfTwOdqtPg8TUL1mx6zdA,74,0
UCuKy8NcpgLGqEscwycRHkaA,103,0
UCWVMiTeujv2dio9S3I4nO9A,11,0
UCt-cHa2qKR3MPX-sVKFGutw,52,0
UCydT0dUb8XCPyYjBzLjNwFA,132,7
UCyW3eO5GeIpc8I0AhvToa-Q,132,7
UCyesYGHhx70xqbn4xXfZ9Hw,11,0
UCyh2n8hgzDENLHo9nVgodxg,11,0
UCyihm0xyXyA3Bxx9gAXR1ZQ,133,4
UCGSeM1dMwvOykh6t8nYmS2g,133,4
UCyknSrUBpiRIUPdyGkZ41UA,134,2
UCx5VcSloMRpt4Rqu9_XUCOw,134,2
UCymWnt8LTu6JvHcanTsl8aQ,75,0
UCyoC2Z-JciZawCxLyWoPLcA,85,0
UCypcVwksvNSbr5tyGSJJpDw,26,0
UCysRWD8_BsfCa3xkCju3jpQ,135,1
UC1bDg5w43BLrdiDgTC0An-w,135,1
UCysXq593iA0hi5juhHE5nhA,75,0
UCysn4O_Ar8mX5lAs4Gu7Vsw,75,0
UCysxf1rwEFA_tgGMhlJ2sJg,75,0
UCyulC6pUwD44ZHDKkPYrVJQ,89,0
UCZ9u8ZF0-PgZJk78Lp8EdfA,132,7
UCybzkTmbL8E1l7mSWIINEMA,45,0
UCyBB-tgTZRt4rFGBO95Wh0A,15,0
UCy4gygp_uatPfxWz5DynFhg,85,0
UCy6cPSTktj1wCZuKb4L5C5g,11,0
UCy7kC6QQddUx6peVZI-cLcQ,29,0
UCy9CKke7W0tHIG_7fHx1stw,75,0
UCy9YBGAJoMGrWFA5xX4jGWQ,136,7
UC5NRUR9jeR1SpsoNHL5PYTg,136,7
UCym5P_2cWdEhhM_Df8jVsTw,136,7
UCySMtGJjfTwXG_pGxSyPVEw,13,0
UCyBMp5yDcJVmoNCC71IDVXg,75,0
UCyCRbn3NI3Rz8GVCLPQyoEQ,13,0
UCyHt01LknNRekrngerIKiow,22,0
UCyIWkkKGQnKCEo0wgqzVpdg,70,4
UCPiXC28feOZL157urAYGe7w,70,4
UCyJgqKyZKduLcryE9_Lno7Q,52,0
UCyNudmA8nFWoC40j8aEh7hA,29,0
UCzOD8q5qHvJEzq-ZJnaHT7Q,17,0
UCzQy8WyUdGJZCwb6s8uolmQ,11,0
UCzRa6RjS4romTWepdndfbDg,13,0
UCzUSBPq1xEqz8H5aej6Le8A,137,8
UCRZHKiQD9ATuJFR0hWFgBag,137,8
UCzWdTX264mCq8t4OCSfrM3g,38,0
UCzdEa11J59C5AMrkvaqPvhw,75,0
UCzeRVk6cvjy6HtZHZKwLDpg,85,0
UCzhnMaaixOLCe_zdCLEqxfQ,29,0
UCzijEodyjGYSuDwmswoe8fQ,43,0
UCzko8YSOfcm52tXJrYmQjww,20,0
UCzld_wI7DkFusOgm9h66h6w,75,0
UCzoSQJ9fHWAU_f_15Y87NOQ,138,1
UClzaaO62MGEwt3-77HwAnKQ,138,1
UCzp28ZvKgX_FqPSBm2kHzHw,74,0
UCzpu1bpmldMoMv97kJ8ZqWA,5,0
UCzxaxqBVQ_qP5eA2iiD7V2g,13,0
UCzzPo02CaiFb3pL9lwvvVew,11,0
UCzKGV2dQePQU5OYewV0D5CQ,9,0
UCzJzHSv-EPxBpJgikbcgP5Q,53,0
UCz1gGnruKJHLJXKndODwe7w,78,0
UCywn4KH2Pi94Dnr2J3Yuk-g,4,0
UCyxvIP6VR6-CbpPfDlclyqQ,2,0
UCyyfHpBAvyJ5WtcFm92cSNA,26,0
UCz3ePalTtEL75zdxow5ulPw,12,0
UCzIG_ahZ_Tl9meQSQHLswyQ,2,0
UCz56g7s_zp6VgSChM32QXIg,139,1
UCswgxAGNaiiYJ-HNLX4HBQA,139,1
UCzAHtFNE6vODneHw2y8tjHQ,26,0
UCzCK46SRFGMAdhbzLv3sBTQ,75,0
UCzE7_G4apGSEbfzOgzERaiQ,15,0
UCzEfdw2t-aM3qiHLxzHfRLQ,13,0
UCzGZbECz0MPGArOBn0OaNkQ,35,0
UC_X0n0ke6-O9Am3aD4qvjYQ,11,0
UCx5Bzn-ReKoWoWszQJHAVfg,52,0
UCwo0dza09kl8cQjEe15QdCg,78,0
UCwp9XxmJOmv7-UNGVDatYcQ,11,0
UCbjkrSdEvQIZ97MAS1tGwhA,11,0
UCwpH2TJb-hhJwqgr9lhpTcA,78,0
UCwpf95NKctLPhaVvEb-AoYA,9,0
UCwt3Prg53e9H0-bsjJP9Jqg,11,0
UCwumam5Aqak96OtXldbtrAQ,4,0
UCwzEtbWyVa0nB6GkNb2Taug,43,0
UCx2MHiKYXpxqdJiEaA6c15A,94,0
UCx2UPGFIg661WqKS4U7J1Iw,11,0
UCS4oRe62Q-AYGHTCwfISOrg,52,0
UCwlxXrf7Rs3FfmqeD1msy-g,11,0
UCwk768XOVpf4BL3kxsrH4wQ,78,0
UCwiqE9gfd43RV6jir0kNJgA,45,0
UCkdcL5b-bca2_bnCD5CqPOQ,11,0
UCaijxBtlLj8BtixXj5gGLew,18,0
UCb0oy_k8sfvS5eeGnTR8l9A,11,0
UCbe_OxeXUbklsUKgc3Q8URQ,11,0
UCbg8go6oaNS4Nq39B1FUoZg,11,0
UCmj1F5EC9utl3sTO1O5OIFQ,11,0
UCsb-qFzr0POzrOurdfVyITg,11,0
UCu6XMECoPUr8cEZl8rGTUDA,11,0
UCxEXSuI8mtYhgE3HInhuhog,11,0
UCyrH7Iu1OMxb9Oup1Bu3h2w,11,0
UCzBKLEGOsZO59dIL3haO3MA,11,0
UCxYBtwJKdrJCOvMfzUFgvmQ,103,0
UCxa8vgRK5BRYjWIhUSaR27g,103,0
UCxcdw9MyA6BATuk9Bu_0ZwA,13,0
UCxfax7wvsnP_qk8cOqRqJrg,7,3
UCxky2oy-IwUu3vIJKOzIkHg,5,0
UCxt0YY5exWnCWP-dElT10-Q,13,0
UCxtPK0X6VCgUssXC4J4s9fQ,78,0
UCxtes38g0jsu9CN5X1RVCfQ,75,0
UCxwN5kslJaSnpr99qvxtShA,53,0
UCWqSb85YJ8KdXI6F6qpjQyg,53,0
UCy184nSYW12Bi3VnYP_aKkg,94,0
UCy2Pn_iXdhTuS_Lv52L84hw,17,0
UCGsaE56OXq17LOdwbjm7qNA,17,0
UCK6HqaIiiN3kzXSuPYt-w6w,17,0
UCY6vRDnXr93O3ox6lIjHwYw,17,0
UCjQXd5ji8Eg0f9eTHTa-s0g,17,0
UCy3A4gwn1xhZFZ-zR67-UIA,75,0
UCxSjL3LIyhfVx5XfbHBPmgQ,11,0
UCxRrizBIsr7-pH_QQhvnLXA,140,4
UC7fsWmbAEX8zxN4jDDQlslg,140,4
UCxPRjPv76fxKLfT-VYGixGA,85,0
UCx9T5BSST1hyRAx_uKg9zEQ,75,0
UCx5bxHi7UOomKJzuYjim5ug,29,0
UCx7zun0z_W3xaBZu2E-Q7YQ,75,0
UCaj-HNoZbKF4yqtpK6JxQfQ,75,0
UCxBfsGA5cVbClEQ57zAuJAw,5,0
UCxN4AfWpB3fEBc7Zi-d3XEQ,141,9
UCmnjAMJwJvc_MbEK4fxt-gg,141,9
UCxCXE2tmHSr4A_AmhODCWJw,13,0
UCxEBEXeY59tb9-cXBovwigw,2,0
UCxJcgnuWmmApzZeWpHPX52g,142,4
UCy4oioipC-JvAFNHiFmfdBA,142,4
UCxKHf6By8JtKWgUODDl5UAA,20,0
UCt2GAdo-N3xhwVA3Omyir-A,7,0
UCt-QpS_dXN9bCF5TiP0eqjg,45,0
UCkZ0Z1PTe1lxFF1jrvvupsQ,143,8
UCl6Xke0GpgBXOSe-UG2o_og,143,8
UCnnjql_zUfqZh4Uuat_q2lw,2,0
UCcQFdIMoEHh-dAXogktqRFQ,2,0
UCnGDqsMh0MwbCbO6RvditQQ,11,0
UCnJN-i2ZRki6jQoD63DBh1w,103,0
UCnPiQ5NIX3LqpsjdOn8o4Fg,94,0
UCnPqFoNnkFq-FJJgDihuj1A,26,0
UCnUfMH2FTXLsivHgayLQbjQ,29,0
UCnWO3fyYySzaiRGZtCVBrTg,103,0
UCnd7Tq8Ji-8v0z1FY7PkLaQ,21,7
UCnd7s7-cX9pdt2JkclK3J9A,13,0
UCndjnHl_0AsyAggS-BG547Q,18,0
UCng6JQ4bdWRtEd039x3ktYQ,5,0
UCnh7cLhI4To_ifMOaPh0LvA,75,0
UCnivW04auJpQjdQB71pXutw,13,0
UCnlMuEVgJ9JtvHQFwHViGwA,11,0
UCNZWMedNNX8L6wFVHcFnW-g,2,0
UCnB1YmFrdXFt-E4IV0ZHgAg,4,0
UCjEXZNdslYxCTwIAfcOIiPQ,18,0
UCmoTMBWLG7PRxTiET-cIZcQ,18,0
UCmdzBXxxNyQLRgbHpycbq4Q,7,0
UCmf7HRDQz-tBKqkNZxK8S9A,35,0
UCVaMu9iJ-6-zXrxLQq0O4gw,35,0
UCvUOspFtngDS6la2MkPyJpw,35,0
UCmfkYRsuGJ9TkStgM_k5sIw,144,4
UCxLYtICsUCWdr1YPrj5DtwA,144,4
UCmje5B09CoLgSs37_clebcw,11,0
UCmk1aDQ9-LrCregHbxTtbZA,145,7
UCEJDj7g3FhFnnxnbI8tA7bA,145,7
UCmkBnxMMW9TnzIYIpEEOD-w,11,0
UCmpag8MuZWHgUTkcnkase2A,146,2
UC5Ce3xUsBsDOdIDj2KyayJg,146,2
UCmuJdpkhp4-5PL-fFFcHxCA,7,0
UCn-O2aXCH2TmBiWq41AuG6Q,94,0
UCn1Y0l8zDUpjmxIrdFy_0wg,75,0
UCN-LGRvbR9s1i8eM7zmhyrQ,18,0
UCS0gNLqNoLqtT3YMM3Qj-fA,18,0
UCWLkBpF9mvEKmM1FipEPJdQ,2,0
UCno90Zea9EZh5G-ODLC_4wQ,147,2
UCkDCIdBxboh6dmchZPESytw,147,2
UCm_L5qEGGOUvn-iMI4rKgfw,11,0
UCnp7qmw_8K9Cq37fx3T3PTQ,26,0
UCoOzaJ6KcItIv8rKy7orBdg,13,0
UCoR5doUhgzKvdmo4Jsn6ceA,2,0
UCoSse_KgY_CtxOxZ0Y5ib-A,9,0
UCoWxJLumo6FKbxM0hAHAU2A,148,1
UCPXYZANNJYd5QiiKrEnAJ7w,148,1
UCoZE2ESizkjnAjgtF7tF9yw,7,0
UCoaDndd0tRZ4Gnu7yA_MzIg,22,0
UCobnjL8wlSqUwOAfjpunisQ,103,0
UCodJLBvGi6Fu7GFIDuoPOrg,38,0
UCodT6kho48kY7vcRnzvXjNg,26,0
UCofHe1L1RK5xfbc6fD-l0lA,149,9
UC1zuz1nfXMxx6vVWobvbASg,149,9
UCofL38CsKzyIsKHR5Rngn2Q,12,0
UCoOodI2oHYisjf_oNrHc0aA,94,0
UCoNzT-Pnxe91jDuEkSjIXFw,53,0
UCnzsTqkxL9BGSHGP5QORGYw,150,8
UCYFYhl7b7VvzAdKI5HcJPJQ,150,8
UCnqXiqGMhQv7bedRnqMiJvw,151,4
UChV7bX4J2NVQCjTvEDWU3Xg,151,4
UCnuTJTuSX3OCjV4P41l9NLg,7,0
UCnwk0l0M9mdKXhxjJDwYcDA,13,0
UCnyLTiNuLU25uOkNl7N1A0Q,53,0
UCJj-Jt-XhcrbTsmRhuBIYgg,150,8
UCo5wQItCMe3MOS5lccyiQHA,152,8
UCmItuQZvyu8dYTLQJ3w44JA,152,8
UCoI-RW7phgBAXIcvc-P_i-g,94,0
UCx6hmcw2CI4JJCdyvmnxOOg,152,8
UCo8TjoWk9xYRFdywbPxxAXw,2,0
UCGXrJKUBNHfYMK3di0AL9WQ,26,0
UCoBQh1pYElsrQMzHqVJUWug,13,0
UCoBt9J34HQZmyagtb_lf6Vw,13,0
UCoD7zHNllN8g2DIgzOJRyzQ,75,0
UCmdhGVv82xsX901aSU9bxYg,75,0
UCm_AcQeVAz4-bksgtUNtycA,17,0
UCktBH1FYmKUIlkkjyVJiRVQ,11,0
UCky65t2irAHPblLVuHP-4wg,75,0
UCkz4D4w-WHzr8rmHLvNauGw,43,0
UCkzQoqDCPUPE5pxQla1ZO3w,17,0
UCkzffhN9F7N1BPVd_Kdsfdw,11,0
UCl2Pzy9KHk8nyDwVrnmlW0A,45,0
UCl2Rg2Md-F__2Pi6NFIIAgQ,78,0
UCl3fJ7S2QEh5I0ZNBSZoEzw,13,0
UCl71EATT8SEBD2DVJSOiHbw,11,0
UClBAM8p8r1jIaGVGJfCaV1w,13,0
UClFqdTxVuCQRKJ3bYo29Oeg,21,7
UClI8tMLhGgmFaNpdWRZz7yw,103,0
UClKeAK1MCcVsVJIoajRAs-g,35,0
UCkpM9JRguVmkcbn2Uzcp6ew,11,0
UCknzlJHDKcpP2xz-6nSTfwg,75,0
UCkmgtuiDMnUDtrp7IXkQlag,45,0
UCyqv20S_xGLOd6RhTu5pvNw,143,8
UCk_-z2ZrHJug98DkeHRmXlg,45,0
UCk_GfprK4ts3pS9YO5s3Jqg,29,0
UCk_otob1Y9ID8Ez_--LF8Fg,35,0
UCkbpTZyi4_2_z8PpU_CRAhw,26,0
UCxIn-uAP03qwNqoVX5LmnIQ,26,0
UCkbpoCtspR80VuJMzOmV73w,53,0
UCkgvquF_JQN27JIzhXQbQeg,89,0
UCB0bWP5YUQQEi7wFNAGEfEA,89,0
UCkheLt4EIbjGIaG5CLUtlwg,11,0
UClLXBkW4WnZ28FYp8A0cobg,153,4
UC8CvDaE3yPSGp1ERQLqerug,153,4
UClVbjr92_wTiOm8nLW6jmUQ,33,0
UCmZAzs8uthPPlyrIgXWadyw,17,0
UCmC9COM-eC4fWi2waYijZRw,154,4
UC-4N35TmEBrR5ij1kDPzXHw,154,4
UCmElH5mbEnlqfEwFUEjzyiA,9,0
UCmEw3QTpwybsYw5fXyA9NFw,9,0
UCmFI2pUT1lKqIhRoH5alEZQ,11,0
UCmIcdoLJ2mFPhKvB3W4SC5g,99,1
UCmJgFbq4vhXXu0j3zI2CMTQ,33,0
UCmMVrgJG8QcdkIsEINEgeNg,75,0
UCmONJrzoUHaOx7BZROrQnww,20,0
UCmRS8ZrDpfB1bJ25HGir9tQ,78,0
UCRFefAsqPetYSHJj_sLZ-LQ,78,0
UCmRtQlRGvRAsPjkoYoykgqQ,11,0
UCmUFgLmUqne3kibpUBPyj9g,155,0
UC7K7bha_W6iUyOG06J3Nppw,155,0
UCmX1LsWvpa29_B3DaAvkEtA,13,0
UCmXYv_P1oTFy0sYVON7u7ZA,20,0
UCeWfl5X9zIBIECvKmL4oM4g,20,0
UCm9WPHFpewM1AnxvY90l__A,2,0
UCm8_PGAwUAqOLa7235o2Sag,29,0
UCm03JCI8HT96fu3sjTsU3mw,26,0
UClsCU8SJJ5sZT18Lkq-m4Bg,4,0
UCleUat8OkkyGyFiIV7IGv0g,135,1
UClpehYSoMRmw4cHU2GWQwSg,13,0
UClrsrUJdvWowJfUYQDHzt8A,13,0
UClt2Mx1qaRiKfPH89Mr09dA,11,0
UCm-zuwkKfNOlrtB__2-RzbA,52,0
UCltC59_xeQoklcBsmyVQPTw,85,0
UCltmA-wPC1VmwMktBq3ZfUw,45,0
UCluUGid5WjUnBos0GJbYSSQ,22,0
UClurVdTsdemnlr46aecSzQQ,94,0
UClvF1HcLXpk3_S8VglFe7eA,13,0
UCJ8TXQqgiB7044tWLS8osLg,12,0
UCoimKHy2bbpBOs94oj63Dsg,85,0
UCsxSH3aca2UZLaKZ3vz0DYQ,2,0
UCsBKEihvcDF_dmDHoTmVewg,38,0
UCr_mijvyYzFt-8erWvASylQ,88,8
UCrdKWlaVTmGephHA6Tz4gtw,13,0
UCri4hVJ3omodFu1rzVQwbHQ,43,0
UCriK1rHx0qlPL180lzOgE8A,18,0
UCrjiKa5dsAfC0C4MI23omJg,18,0
UCrlgXH-C_UyNLsqobV4SzFw,38,0
UCrmiIVeylAHC_5F57HrCTsA,75,0
UCrpGH_WeGJ-821K7z1-uGGA,35,0
UCrs5UHS7vZvvanRTg4gLGWg,29,0
UCrunFD60EQb4g0QsfsAauhw,53,0
UCruyN9JvHuShfPxpnFmm9Ug,17,0
UCs7DxjBAI2td_tfUfWZmdvA,78,0
UCs7v6lCWAkLRTDH_jUgEmkw,35,0
UCI1v_2tMPqp024bEIiiyWEw,35,0
UCr_14HJNyEfNzuofJijSkoA,35,0
UCFWDPC9qRb88P_ZYnzTVuoQ,35,0
UCrYBik3Q6rlhlua1iovzMAQ,11,0
UCrDbHAzH4FrMZLDCohMvxIA,85,0
UCqy7z2vUemB3aroHIOh6fYQ,94,0
UCqyuAoxIqa8xOBWaxIXIfjw,17,0
UCr261WsBudD9MXq8k_jAEnA,22,0
UCr2Ijk_INKtshzf4MUlwlqg,156,9
UClasA14uB69nknvp-FO0sEQ,156,9
UCr82HwiXl6ZqwAZ_LlbA78A,12,0
UCrCjtJQKfQp-AM_q7oB4Dbw,157,1
UCc_XXhT41Po9Ht92Hci1FSA,157,1
UCrEEDbyjCqYYV3-28rTQY6Q,78,0
UCrWD55bCX21OmbcYycupxZA,7,0
UCrETkqwrnN8e_xGxD6nsqng,38,0
UCrLLLtTazlzoDM93lCUOCiw,78,0
UCrRNlnuO50s5KzyazpViiFg,75,0
UCrSasOgLQ__5NeMJ3TN2Jfg,11,0
UCrU9qnn6vx-HXF9DuMr9alw,74,0
UCs9TfRyXy4gcrAWE2aj4gyw,158,8
UCUab2Z0o3kCtvA2TVszIfUg,158,8
UCsC2sfGm96EXw284DFC8pXw,13,0
UCqv74Kcs8NESw2vc-l8MiYg,89,0
UCsC40-HBEEDEXnlnQmuze1A,17,0
UCshlbF9OLMKttD4zSz5er-A,15,0
UCsiVjw1SckyldfPV70B_YZA,13,0
UCsk-araVseRwigd2ppp4EYg,74,0
UCsk5mIQIoH2MAfZceFgdy5Q,75,0
UCskv7YghTeTQMqw637NdwJQ,2,0
UCsltOKKb74j1N52gSuC0OdA,13,0
UCsmz0etPyNFedNHC0fp8syg,12,0
UCsnM7x4i_9zAIMSQdna4-9w,12,0
UCsqPZlXg-qIzZqOLanc6CIA,20,0
UCss4cIzmXDSeSTmuCLxI57Q,11,0
UCstY5Y8ndj5k1DKw4xWK3Bg,78,0
UCsu80SoqWamYtcxeq6dtqiA,78,0
UCsuLj439NLSZ9xFxIoafn7g,103,0
UCsvA3BnxbPkiyHhNYhIn5cQ,13,0
UCsvXxEF9LUTA_Zqup0THz0A,103,0
UCsx3QfYo3DvvMNlB9ujamMg,13,0
UCsfUcRob1R3niAC5mAJ62Ug,7,0
UCsdLdL16rO5P_78_6bmxSRA,13,0
UCsd70ydjMzHfCqo9UCVCupw,112,9
UCsUbRk4QewGIkB4mtaRvnzQ,78,0
UCsJrWOQKI8mi2q-KScr6M4w,29,0
UCsKT42WC8QXV-ZMWFHOdbcQ,18,0
UCsMhhTokTHBmT1RUFh6_sPA,15,0
UCsNxBXG61Stlhj3s69QToEg,38,0
UCsPsjxNUOvDsjCaUnIdgx_Q,13,0
UCsQcCjcUsJF2xA2RU3fZwsA,15,0
UCsWjzTEJmeoap5LqD5msUCA,9,0
UCsbwdgH1qCBGt2k4I0OZ33A,75,0
UCsY8xQ43Qd8aizg7q_VR4BQ,29,0
UCsYF6ngE_9fWZunUqKpo7mw,75,0
UCsZ1xTUhVYcJEwJrpWHWsqg,159,1
UCCUfUqT4jYddXQo0qx17VkA,159,1
UCsaRPuVIsicC4Z3hb5OUorw,26,0
UCsav3VG1wK-nZ7etknUOW5Q,160,8
UCemmcVK7EPZg4AnMH_wQ1rA,160,8
UCoj2dqf6xXwk5xPgseHpTNw,7,0
UCpoHTy4WCkd6vfdAOt8FpPw,38,0
UCpAznrQp1OYDt3yNxw0MIvA,20,0
UCpCHtTrLWopKjSyJhNYYxLQ,38,0
UCpFmKwoiLDcmxLODGvY4rEg,9,0
UCpHExW7HuHQPUHWDuu3slvw,75,0
UCpJYMWUmpt8ZAT6M6MNJqmQ,29,0
UCpMWDf-GWxVeRb63PyKa0qw,13,0
UCpOG8Q128LpS7MHcGnGVSrA,161,2
UCu2-RTp9HkKFF1dD5DjC6yw,161,2
UCpOw4Rgf50COqr2TdBhWrKg,35,0
UCjOotleOvPKBs6bSXlX9b9Q,35,0
UCpQGhPU8iSSqDuLMv3CW1xg,75,0
UCpR-oguEsNjZGQIf2XOIuxg,15,0
UCpTonXbyH0FP9RZxzeGqRsg,112,9
UCpVy-QWyFVOcjDiYhg4Wxxg,11,0
UCpX5CNxnykeg7XtZTebBhjQ,26,0
UCpXLeyeTrZX94Ew6LsbOjOA,53,0
UCpgfj-nwAMN79bOj3t3EDNQ,43,0
UCpkA1vGYThSIis55BIFXPyw,162,4
UCn9ygYEplqGuX7XBUQBXGsw,162,4
UCpkRRmxTxWGJRdPUPRH4M9Q,2,0
UCp31bL15e8g2W5XE7z0m9vA,17,0
UCp2fmhn-v-WwAmF9yOxTJEQ,75,0
UCozSfcZoulJ2HU4xHYnPshQ,12,0
UCotwjyJnb-4KW7bmsOoLfkg,11,0
UCojuYbjH0odLeqvowHhVS-g,78,0
UComSjDqWFDAkBeDHlVJTlyg,29,0
UCopRcWJ1MAbZpW7UMn2OSGQ,9,0
UCopXKPPdcExzSD-yXdoe-kg,9,0
UCoqQgTkGQMhUPrFWZM1u5bQ,163,1
UCQJRbMzjX_HfNdlQG7DK40g,163,1
UCorU1nyKiGHbRKO8Sz9rPig,75,0
UCosp291a7Z1cv2LKXOBpYvg,94,0
UCow526eSV3KR29y0Fj_7PAQ,164,9
UCcRdYeqFyIvvaokpqg3S_UQ,164,9
UCoyj2ziuYV7VNNJQPZgrn_A,38,0
UChTVgnxPWLMZ6C5l82tLoyg,164,9
UChuz_oZCLhP4xc67b6oeLfw,164,9
UCmta3bIVaNZipc0C6wOcZmg,164,9
UCowDLirFe714pyg21WXxx2A,26,0
UCoxW054jMtUScrs6ntJzUcw,7,0
UCoxx8bBiaSHfseGbTP3JTPQ,17,0
UCpkgXBVROL5PltubqSImwgQ,12,0
UCptgAr938M-fvK741tfm36A,2,0
UCquMRLfdb6gSxsiMHPUvmgA,11,0
UCptyQL29ntOT-Q8y-7MqP5Q,33,0
UCqUPLSC_yKr7hL7_EaFf8Aw,103,0
UCqUlEhKF1uhGJFvKK95A1Vw,75,0
UCqVLIU2CHSURzuyyU1vVDrQ,4,0
UCqWKPbu1glk5IOoq2KDMsBg,43,0
UCqY1t_ENp5v81UAbMwqqvOg,17,0
UCq_TpLjZJW0s4ljWmFOS76Q,103,0
UCCvH3NR43Uuot5QshwGkWiw,103,0
UCqdKOvrgkHj6Xfc0lspegxw,45,0
UCqdqh_jGymHFcWkbb3YxMSQ,165,1
UCST1B2pKJTgeWeRD-jH-H7g,165,1
UCqfmRVz76pK6YkHTPzVmg1Q,11,0
UCqiwz18SU1CNryysruqwJvA,85,0
UCqpf0etiaGVDIZXPdJOKmcw,61,6
UCqqV5VkmX-PQcy8VQtUkGoQ,5,0
UCqSMi7b0Zy64eDI1yssQ7ug,94,0
UCqQxyWbYi0iJ9YU6Sf3kVrg,78,0
UCq6JXCe0q8dERjXN8_S1jCQ,89,0
UCpuIEqokV25fYDXlNkBN_jw,13,0
UCpuZOorBbEujULZUsd-1TcA,5,0
UCpvMC0yLpef__M1FEat9nVQ,166,4
UCn0tpD_ful6rvigT7LC6Uqg,166,4
UCpvh3gfNktSzn7jok4Q-B4w,13,0
UCpxIU_G3TwZunW5JSqHcl8g,94,0
UCpz22a9np2fGq0VZzsEiRgw,94,0
UCq8RcBNgdcvoMa4WaL_qJ3w,75,0
UCqPpLaVgu5-H8nQIsS1rwQg,13,0
UCqDL2f9SzOYMRkvyapgHmiA,11,0
UCUP9n-ja9jbPzCyEwUVXp2A,14,9
UCqFJuMJNl30111-PntKQSaw,167,1
UCN3aObWow76gqyhaWtYdMcg,167,1
UCqGWF2_XyVY-TBiXmdFS5yw,103,0
UCqHjCSLycVdkwprkiuFplKQ,13,0
UCqIDV3uf5A5pbeMzRzJjX7Q,13,0
UCqOIVlM82h5_I4P0tTgyogA,5,0
UCYIZXF-Cx38Bn9aV_7lD73g,13,0
UCWSZlSWwGCiMtGE-g_icK4w,20,0
UCYDRMhJh5RfZSfGBMzMfPDQ,168,9
UCFgJ6RhVZiYc72QeTTl11dA,168,9
UCArYRGnS2pqTPRegYPImJBg,13,0
UCAxdpeR-8xr9jWW3gwzOuOg,9,0
UCAy5ZO03gBEJrGjcmBk9dLA,33,0
UCB0ts16O7anwiUh_A7BDdKw,169,1
UChHIJ8Im2gitKG0kJKqew0A,169,1
UCB1CNODIj9zpWrK4ZBu08Sw,43,0
UCB77gPJRooqz9Nt6RRgW04Q,13,0
UCB8var-ppGoZxhvgR-M7kQg,15,0
UCyg63v6LQZ_rR1bW4Losrgw,15,0
UCBBeSr1BWg8ZQGcCNZx__4A,11,0
UCBCNPSQkYOF2J3XnaWYMq6Q,78,0
UCBD8nnhn2jE9tLzpK8aITDg,29,0
UCBDRqeDfYWgI33VmnslKrAg,26,0
UCBFCee3lfYIKPs74A0I1OfA,5,0
UCAvfvGuZx0JfNggQjQz7m1w,38,0
UCArAGTMQ8OhW-6lsm7G9_Sw,170,9
UCdzoth2YXnKdB6hokrJd05w,170,9
UCBH6XudkTU42NJQ1bW-rUHg,103,0
UCAr3k2kXzkIBbe4Tg1s39pQ,171,8
UCTP_hC7UbD9j8UNzCYiL0jw,171,8
UCAdfsYXqaVeDoNKOY6SDbaw,75,0
UCAdsBSfwqzcu266yR5tX6Kw,94,0
UCAhIJ_HTJd8GXGMiA9kW2zA,38,3
UC5SJBPR6blVprseduz3_sPA,38,3
UC7iqcc_YAOHrp2N0SOtB7tA,38,3
UCCowYX12Qzftu_i9VTFmWLg,38,3
UCRJRU93lQj2jXPYURsXbN5w,38,3
UCZmuvpQ0AWvbsaK9Sqc-_5w,38,3
UCAiQZCbOd5NfgiqEESSng7g,172,1
UCcV0PI0GhFtDoVetpdQPEAg,172,1
UCAoLLfgU7iG7rxp3yiwN_Qw,13,0
UCMqPzxMcFN-DthNBpOKLaNg,171,8
UCBFSRistHRSsNMRUtctKnkg,17,0
UCAZjOam5Qe4uK6Vp6G9_VPw,43,0
UCBvXYOGLxWS2SYuDWhcx24w,5,0
UCTXLtF0UTI9edxL6BQ_hPnQ,5,0
UCC0y6Rv4UCGRyLVBlWBoT-A,94,0
UCC1BjgLcAhlc1IxO59NZPYw,75,0
UCC1bx00xiPT8eW5L4Os53ow,29,0
UCC1rmBjPtbhx7leCwYhw6Gg,75,0
UCC7bVuIT8uDme5RoI6ptXAg,13,0
UCC95rYp8V09d3Ad9gvRlI2w,13,0
UCCDbGzc80Bk0wm_QQ6r4I-w,11,0
UCCEA5jB9nhfQB02CCFGm2vw,13,0
UCCEBe-JW6q8TemCPeiMBhIg,78,0
UCCGRj62r0_9gaT2v1qH_oSg,15,0
UCCKBV4AM_O_QGftsVX6J89Q,29,0
UCCKxq353q1nTqMbM6RhXC0Q,173,4
UChbyc9qU9byWOQhGIctJhqA,173,4
UCCNWUfQHjHB9Mt7B_ku5_og,18,0
UCCRBhksjm7_LkE4z-BsxQHQ,174,7
UCY8wnwNu7mQswfKymqIq6Og,174,7
UCcCF4P205tCmOIuiAlpfPmg,174,7
UCBvLTk4WUU8vEG2SqxNOlLQ,26,0
UCBLErvGnUiY0-tttYhOIgtw,20,0
UCBtjI6FRgnbotpH_D1sZ0Bw,12,0
UCBR-sALS3uFxW3r6C4F3NWw,52,0
UCBRh7LnVoX_0Gdapwe-RPWA,175,6
UCXrE_ImMn7iubgG0VF__XoQ,175,6
UCnZCAu0C6ifahQbkhgq6M2w,175,6
UCqpcb1sE5c6p5kwTsv14HEg,175,6
UCBVEumtI4Iol6gW3qPnwJIQ,13,0
UCBYnjyfAhKmdjs3uF8nRCow,11,0
UCBZpCLnVDK4FEevWHCkSPng,21,7
UCBdBzfUjbbZIK6vyEKqjmdQ,7,0
UCBfZ_PFaH7p5Pt1mk29pm9Q,38,3
UCBgOI3N3DibvGE18Gx8-dZw,176,2
UCmWOYAEJEq8hjsk1CljU8MQ,176,2
UCBhFLlWZ5FMUKMj-Nj4OADw,18,0
UCNHlFfK5XDEcH0eiRVGX2Sw,18,0
UCBjrrkWqQxbd0y1HzhtsgGA,11,0
UCBkOxbl2hPUs_ABOE3Vy4Hg,17,0
UCBnX3xBWDtHQBPCMJNXQQKA,26,0
UCBnmQ6WmXdehMLH3izdJ23A,15,0
UCAaWwtSofdpll8n5AeHq7rA,29,0
UCAUIlnPJEZAMQiDjzZodAow,12,0
UCGgcX3gKyninyYcIAved2KA,17,0
UC8CWQdEiuBzgXUTkoDx6nfg,18,0
UC8NCp5b7Q8Oj2HqT_x2IeZA,11,0
UC8NpWnZjU-K4GdBU_vfwQqw,94,0
UC8QF91tuWVqHzYco-KLyHFQ,78,0
UC8S4cpe1bqJK_h5OSyiiq2A,9,0
UC8TW-bUWA-5ejSTFKrvoYHA,13,0
UC8WeeIsOMK2gv3jrzqGL93w,5,0
UC8Wilr9k56Ps8ifXEEHRXiw,13,0
UC8XJvxcV_K82XzhlHvsw5pw,7,0
UC8XSx7D-aHPvqUG75nPnmSQ,75,0
UC8XpbYvxuQcFa584o8CPPTQ,94,0
UC8_BC1IV923waM1VVwGLRnA,17,0
UC8amcNEtJOByxhlWoDbEMGA,75,0
UC8b92ZPoCR3LFf8to9WzlRA,18,0
UC8enGTov4FPmdlDWGeGB73Q,29,0
UC8fgaG_Qgm9fmN0C0dNBHzQ,78,0
UC8oTmJ5gQxrWqeeF4ZgeuDw,11,0
UC8G8UkOFsyGY_FbFHZ0ufjg,26,0
UC8AeOLgjKl-OL3HEnN8OKRA,11,0
UC8tpwCpkMrIjrFMtHM21HsQ,45,0
UC89z-v9k51FLvCnrKplAwzQ,75,0
UC7botV3YFSNLyRxdZ2hgscw,13,0
UC7e1AFApeeCEWjBM4He3MKg,26,0
UC7eEO_jyTZTMwXyIzPuBNYw,75,0
UC7evzS_t9RgQk77urKTK6NQ,53,0
UC7kiVG--G26Hcq30RVg6YnA,11,0
UC7nci6XNwUzi2ZAmLQBONaw,13,0
UC7qWRMnQyqNupgPrLRtcp1w,26,0
UC7tQUathdztDhA6oC9k_dGQ,177,4
UCAqasjzugJ4jp9PIAVCWo6g,177,4
UC8-EaUaZcOLM58lYXA94btA,7,3
UC83eZY976I-BIkzviYnhMQA,13,0
UC84-622_CLKnlGgnypFu1Fw,52,0
UC85mRcuS9Bed5SD31BhF4fQ,13,0
UC86ORRVVdgINBDtXR41jzbw,75,0
UC86XXCVYQDqpqQhoXjc4sIg,12,0
UC8p-ZsMPbh6vD7NOZlgYBPQ,13,0
UC8vLqqB37YB7M3sdQHLlxRg,2,0
UCAUELZlTgvtxZGNOL5fpNJQ,29,0
UC9dl7lDyvQv-ivb2NjLjocQ,75,0
UC9fc7CMsZHdqm6y9dlxZvBA,178,2
UCMNuUTOsEZI6C-0sHBzFAdA,178,2
UCciPAxMuM0rHp0h-BRcRcXA,178,2
UCx_2cwv6ocoWxY_qRMV91Nw,178,2
UC9gFPtrOl59YsjnUreCbIpw,11,0
UC9iEWizEh-l1cAgtbDeKtcw,11,0
UC9m7CUCW2TC0zDK5bPT3iWA,26,0
UC9s791o26GS-GyiTl5rDPZQ,17,0
UC9ujIxyw0skJnS9fJa-XVKg,26,0
UCAAMMzeCDSypgmI5YVbTWeg,11,0
UCACZ-onQ0ZvGWzAr4f88LMQ,85,0
UCADemYYZip1FqFexc9V0HDA,15,0
UCADqGrK8T8d785N6Fv7h3OA,88,8
UCAFhnYGcLjVScOl-znMGUmw,43,0
UCANG-wyrPGiwx5vw5Mvz3iQ,52,0
UCAQbnwaJsO1MJhjOcCBSJQg,11,0
UCATbSlH8C0hZQ5FIA3zqN2Q,78,0
UC4J8ycBjcF4h8ZnfbTOkFNQ,178,2
UC9d_Yb4Qz4OBrJkySQ-hfSA,85,0
UC9-bmHAZ5W2ZaV79cUqSH7A,11,0
UC9csn2l-VQjBjqPxqKtqwlA,179,2
UCst6ZNzW4W9KcZPtZ0LJWtw,179,2
UC9-zj4Dmw-x2DNMrl-Ptetg,75,0
UC90AYGy9jKlq3x4isRGKFww,33,0
UC95psWcjO6tKOrx0Qk0LYug,9,0
UC9AD1tmiuf5wYbjxMVXqtZw,53,0
UC9Bt3zKcw_JIupluSnblAiQ,13,0
UC9D61H74MXGGstRiI0Us5NQ,29,0
UC9HWS4GiHy98Jau6hniW26g,29,0
UC9Jc9ewSwyoDWJyjAGv39fg,180,2
UCUfnXorVl1DQWpM2-GNnDuA,180,2
UCfWhtC7VZPgUUH7rA1bPdWg,180,2
UC9KPEsh3l55QZZWqfA9dXPw,75,0
UC9WDKrAGrtkHZ6vnx0ZGQaA,78,0
UC9Xc9a8IgbwLN7KlxLEsZKw,13,0
UC9YcvGBfUuGlhaFF1ZOTHjA,7,0
UC9ZSjASt6WB0yu-cs5ev62w,94,0
UC9_oh1NRWWuBJJvfxlAZipg,13,0
UCAbL-myFZvPUVNo9pTSw34A,179,2
UCCS-J6F0_ggEZh4c1SDT9yQ,103,0
UCCXOkXjRYuBV7QEprz2QIZQ,12,0
UCEwUVrq64snuoks_0Ds6-ZA,103,0
UCF-x2vOh9mFOJ78yzdDUo7w,181,2
UC_k56aHcDj0p7qd_rXL8c3g,181,2
UCF0H0r3p-gxWKiUfEZgWW9w,11,0
UCF7RWLohoGKAN8cwH6lCP7A,20,0
UCF9fLnh-ttxtKBjjcJkDwqA,17,0
UCF9sWO09IxFJh2Wmk2jNpew,94,0
UCFA1LQpCVWP5fOwWSK_2qyg,182,4
UCW8mjJwMrtx4lMjDamRGMAQ,182,4
UCFCJ1kd9TvJOzPb-u5gCW_Q,94,0
UCFHRDB5kmcgkGYMJLB3510Q,7,0
UCFIikY54moVM87IwXo_SC8w,29,0
UCFMysYXfHoO5NUp5KYX71OA,11,0
UCFTsZmBg_l8Favyxmk22wkA,2,0
UCFYUegnwkWREu4A3b-aVQYA,20,0
UCFdKqGi0yFjeY4QRW7qx2oA,35,0
UCEwvMvA5x52zwg8lZCw_QvA,13,0
UCErWcwsBz7lucsX-zEQCqag,38,0
UCFpGSVJNNQ9w99NXk-WT88w,78,0
UCEm01Ox6toaID2I4rVByPKw,11,0
UCEivb5ZaHSSvXi6kwX2bnPw,35,0
UCWwW4x4reWGc3iFogb4V7IQ,35,0
UCkGzvJ80i7OPu64uDqvA_Gw,35,0
UClwBbCj8LArGJz95Ny-lo9A,35,0
UCsILt_S93I2U_oeiM4Y3pgg,35,0
UCt0vCHizq6BT9erRvk_Zk_Q,35,0
UCEjR8iNi61a-BmOpF-VOMMw,20,0
UCCXSEiqn49cpjtm6Q6lV3zQ,63,7
UCGIBgxRQPvfcjj18sCwJUAA,74,0
UCGIUa82o0Dm0U0ydOX_2-5w,183,9
UCea-pEPsRkysYKCCSVLixiw,183,9
UCGIgd7FIWe5n67P-Uewk6hg,33,0
UCGJanUdPCAo87vlArGXauYA,103,0
UCGKJC2NywGqrATozypXXFNA,12,0
UCGMW2fLPPI8aJGNoEwDkk2A,75,0
UCGOQg96Qa4gzxyB_IYQCHoA,103,0
UCGOlaaa3qZ_R-1ugqLn528Q,13,0
UCGPapD0oPbnx_uLV5GlD0kA,11,0
UCGS4DPY7zNZAgTNsiQM7Kug,184,7
UCbcJrok18_f6z_iMGtLwoDQ,184,7
UCGTd0Lvbg-OJAkNb5NigswA,53,0
UCGTpP8uem64-MZpSs7_8R5A,75,0
UCGTx0nFvDPFRGc-aOxNLYOA,2,0
UCGUY4vZqeXdA_KSclArVd7Q,9,0
UCGXp9vOjY4R0iVQhDjv9hNg,26,0
UCGXpMp24t42vH9YL_K_0Q8w,75,0
UCG_yJemEtcPGoXGGH9YQ3ow,26,0
UCGbZ7l38MHrBDn6lcccRlwg,185,4
UC7lCz0YTFtJ_uWtADBzbiLA,185,4
UCGGUd_qabQx-g9AZgatBv5w,13,0
UCFpbswvh6KsggQ9BnmXTMQg,52,0
UCGFOPPQX2AhNyQM1tDerJ2g,5,0
UCFvyBJhBLDAdupuS83zfENw,11,0
UCFwh7mcWtcoGwrMVSAnqi6w,94,0
UCFxNL4Y1JgzcWVvVfPUhdQw,26,0
UCFzQblR1qLRgC7jQUjs9kfw,43,0
UCG-dflkt89rSQGpHW_Mi29w,186,4
UCWRODcXO9lTa2WTKmQkyjGw,186,4
UCG1rMouNo2dLduzZu8xYk7A,187,4
UCwAv12fCsXOH9OC3YNywkVA,187,4
UCG5oSMXaiRYv8y0fSgd4q7g,13,0
UCG9s-15ZZsqz9WoZ2nkGB_Q,18,0
UCsmQgGETaAtWdhszEk7JHkg,18,0
UCxZmXMdxhTePXR_ZgRIutWw,18,0
UCGAbJ0BFGT-fAX5_HAhLc3Q,5,0
UCGC4HvFq6QF3MYiByOzAXng,9,0
UCGC9LryB3lCHMb6YYIikbzA,52,0
UCGDCeBLoBT7xeqJ7LvAgomA,29,0
UCGEmy6PD2vIV_bohr221J3w,38,0
UCBaj-i8tINf-Es1cQe1nZzg,35,0
UC0uFxYIm6Sm7inV5mi-GD4w,35,0
UCDCQAOL6PzUuyNipTagIOiQ,78,0
UCDEJgp8hmI8FSW_jHv6WRWQ,17,0
UCDFEmCJsbYUI8bftrdRyU_w,11,0
UCDNjfrJE1oenZkCqKCT_Zgg,2,0
UCDOVFifSaMc1uppWQKeg43A,188,1
UCduvOmwp5cm4JEU7ITZmBsw,188,1
UCDTYpT6HJbtzkaGMSX8XBqg,12,0
UCD_izzt8TmrfHYzHgkgTVOQ,189,7
UCKcgjyFWTr_vvfWAubjA0Zw,189,7
UCDcAY_6Ts5hQs3XmhcdwD-A,75,0
UCDcoItKj7DID48z3W2835eQ,75,0
UCDg2Fcw6NcG2BvOREK-TNPg,190,2
UCyjMfP_VvKsqKfNxbTj43aQ,190,2
UCDg6cOKMgDCXN0MPtMgp2kw,15,0
UCDgCIz-bnsDW6S9D69UStfg,15,0
UCDi1xVlu9jZmRzev3ZrMcZQ,29,0
UCDiXEss-6SHi7XFRktTaRbw,2,0
UCDCtIWS8ZaOMH7A87UcsmqA,191,8
UCZgbSI4_0og7NjmzJ_FLiHw,191,8
UCD6Nl4WTY_zpcphYndkunfg,20,0
UCCzkTub1981_GfeJ5A2m5wQ,26,0
UCC_PDbkxdOMDgytAC7_r1Xw,17,0
UCCavVpYh4KiXX6TbDbHTXSg,11,0
UCCbRkNiSd-bkZBPpcbKFyXA,18,0
UCCiWXajWRYu5nJfzPCtrFvg,13,0
UCCjQP0oZ3c_8yU0t9igc1Aw,75,0
UCCjabzFuSFAh5p9_BBWteEQ,75,0
UCCoJFYREKKONYJ2ky5zcpXw,94,0
UCCogLB-sy-yaJC9K5PZk-uw,192,7
UCUZrGoI2zvxERka3lE48yiA,192,7
UCCpbAZ3a81QbDY9eSi3lEIA,13,0
UCCsKHb3mR5KvK6rWFJW9JvQ,13,0
UCCuy9jHSyKiq6nbwIpK-JYQ,94,0
UCCwmRrjGxoaxhpQzQUbC6Pg,75,0
UCCwqWbxQQTrOinZ8_eTx7AA,11,0
UCDilIc_Quw1bh6q44bX3y6g,11,0
UCDjZt9WjtMwtiLF0jaLuh9A,85,0
UCDlaLpM4Ub8rvIdhg__XEdA,9,0
UCDnLDnfFdVGPTZEDdYN7HGQ,92,4
UCECZmgLW2EH47JZlVVn-Bsg,29,0
UCNXwG_zs_C8KYpsERWDbAFA,29,0
UCEIo_-OsFl7m7EyFtq8EmcQ,13,0
UCET8xCGGPWJZZx1S9S7bX3g,193,4
UCxhbTHlScwjiDyzNECW3OKA,193,4
UCETHNN2jSg4uUWA9VDMYtQA,13,0
UCVsVNGd22sSMHXl6wJxtzsw,13,0
UCYbaeADT0GGfTmrZFQdHPOw,13,0
UCEVLQnFSNVaBSD9dHrT4ANA,194,9
UCxOo2QY7tIAl6j1NmGLVSeQ,194,9
UCEVP8ehVrzrlAZI9WgrsX7A,26,0
UCE_mOkhuUiJwZ-L6zkkCEHg,4,0
UCEaIEohxmiNX6Gb-8GQ_VQA,26,0
UCEaadqzDDKYHIz-pg6-auIw,13,0
UCEcGgaRowAaaeakXJT5cpoQ,45,0
UCEd1JLyxWsDC1DN9yhdTTBA,20,0
UCEd1yrGL2qaN6AuSckA7yPg,11,0
UCEhCQ9WGv5LAV_xIrCoh2KA,7,0
UCTEpIeib92TuKo2cSs4wg8A,7,0
UCEBzBmFHH-9Jc9SIGYIiIAA,33,0
UCE8UcoW3I-cpE58ngHogkIA,75,0
UCE7v9hQWmZKJKFs2SfveTYA,7,0
UCWSa8Bco987D0b9S2HXP2dA,92,4
UCdNuNQRXt-oYRLOpy28pXcQ,92,4
UCk6HIV8JZ6PUJulZTDGopag,92,4
UCvRMuThDXh0BfZsWiG5AE6g,92,4
UCDrGPyNzuXDG2fT45OIMhCw,119,7
UCDxD0UbdAU6MAWNhzxdWmSA,7,0
UC2w3uga0Hqt7z3CMO-9Sk3Q,12,0
UCE-g8wNK79SSY4QHpDzkO9Q,26,0
UCE7lpG7c1MaZpitML-koHDg,13,0
UCE06QFk9fJ73poP1RclzIaQ,75,0
UCE0a4-4ONbjcBlVyUm9XE4g,52,0
UCE351ATajO6dVNjEIGHz6uA,12,0
UCE4s51XoNPO9VNFOUkv8k7g,29,0
UCE7QnNCdrT16a2mRa6F900A,20,0
UCE7T4B5KBu7DzlwQiFSQn4g,52,0
UC7SQztBWyLNRtRl2nDWYPXQ,11,0
UC7QajnI4TvPqpE64DiEbxyw,4,0
UC1LUrPYQVbivFhJtAGO_Fuw,26,0
UC1RtqgELA3F2Sjq5FOz6gpQ,107,2
UC1ZOZap_ME-E2BGcBN-i5eQ,9,0
UC26aHgGz6-Xjborye_BHxWw,18,0
UCGk9C9x6eQy6iieuTrljaRA,18,0
UCJfDO7DZoPmHKANDbqWYWDw,18,0
UC1R0_O5k7MIUJD_V5n1uYCQ,13,0
UC1KidPI0yBVSowWybbC7BJg,35,0
UC1cmiEITZ8XdMpLPNNlHSwQ,45,0
UC0TRrVZw5hu5uEEzTgBcQoA,45,0
UC1KZTsB5VxI1eKHe3Ki_LgQ,74,0
UC0jFZ521aYN3k0BPrqxCQkQ,35,0
UC0lr6DpRgULM8WR2Hn7crpw,11,0
UC0m2unXyry4lmWi1N9Wvv6w,43,0
UC0slMZ9zO4Wdvy_1aj3eJ1w,5,0
UC0uEGuYpf8c2aVJPWOphowA,4,0
UC0wtAZMQsYHdbxuNTVLHQyw,5,0
UC0yLcyzqQeJlxKxmYjFIPKQ,5,0
UC12gc2dcrRnDlLiA9LgG3Gg,11,0
UC12hcgltgNHy7xxkYgxKOwQ,78,0
UC14pi8krpD3OBIz6O4C1Scw,33,0
UC15HG9jVgwCL_UEknwDAQhQ,4,0
UC1A5SeP7nY54WjyPaIC71VQ,195,2
UC_5rO40VEqvL5wWLY0-hmoA,195,2
UC1BhMLBVOwy6HXOYY80a2WQ,13,0
UC1EveyXQuodaJlTBhrLp__A,33,0
UC1HDZPiyhODC-c1QKxn-nAw,29,0
UC1cKd2BLpTUDczZxCX6lRGg,99,1
UC1eZLz0MMVjnZOhff5z0OcA,103,0
UC2u5Qe8xxyJVWSeeh7R4cQQ,13,0
UC2EGK5xb-qkQHmqBrTbELTA,43,0
UC2Fl67QrbZtnMTa2GThEeLA,78,0
UC2M92n2MRCu0Lo87qRMNxTg,196,9
UCmuY5kqRWLr1_uaXpa1MQ6A,196,9
UC2N6rBxRVCK3Vffp3z41LtQ,7,0
UC2RTWK3yqi0UbTxJShHFDqg,20,0
UC2S_JSWRN_waU4_6vZ_kjWQ,26,0
UC2UOR_3OmNEhsoEwvIQF6Ng,7,0
UC2e0eTjhrn0fFbMi5-vLsSQ,13,0
UC2eAMjthMGO6p_JPuCj5DCQ,15,0
UC2gU_tcbVA7cXASyYSXTMDA,75,0
UC2gf_it4ljvjvmXBZRi-Dlw,89,0
UC2lZu1we7GUAKsYK_O3d33Q,197,4
UCeAzf6u9xNNAQhvP04jyUZw,197,4
UC2mikbh0iAUy5oe9IYryd0Q,103,0
UC2ndIP833axTLYI3kI2hFvw,20,0
UC2rMBNNKAPRdNrFe_0cZ5NA,13,0
UC2FcdxdJCcSyJlWK7U4J89g,13,0
UC1ff1fOkIYQAzji9K8SQUPA,78,0
UC29mduGlLCD2aqUzBxBzvMQ,75,0
UC1h0L1TnxsnZ6dapZ2-IoEQ,11,0
UC1he5fv7ZIJwK3f24AgTaxw,13,0
UC1jApNhaY_9cPnziguhMUug,5,0
UC1kISKPtMP10H5lbaynQ7NA,15,0
UC1quQvW-PbJiJg0vUH0tL0A,198,4
UC9i83Y6erpQG__ZOi39Gi3A,198,4
UC1rT5xQLN0DEuGWHKpzpx7A,29,0
UC1sbxhPq0lz3vuNuMyAs86A,75,0
UC1srPzWz7TFXefBh0ofV46w,74,0
UC1wp-X6keeAB-hEQw1r-yqw,74,0
UC2-0yTjKO-ZI2sH9e4sstAw,29,0
UC2-ZR2AXq_VycVsLxgearbA,4,0
UC23RQyAcb4sWPWYopd1oORw,13,0
UC23SM6wL-Zjhx7MhDzh4HZw,75,0
UC2663dfYt-1lmcTQOnJH5pg,11,0
UC26pZQfTsCLxTt_UAffX5KA,11,0
UC0hGOdOXi_zeqP8rORpfS1w,11,0
UC0gOSmS3Zm7aregoVKUv1dg,7,0
UC-KS8SmWrcY3v4TvAo9flaQ,78,0
UC-MOjG4VcEHSh00hstsOQWA,75,0
UC-OuvHmHIY80_FfUHNaH91A,5,0
UC-Zn4UW-cF-Cl8SaiktSctg,5,0
UCT-2Dtlt9BofDvEd0lrRFMg,5,0
UC-SjW9bqYcdBMFR-6lNUASw,12,0
UC-SkroQFsM7cUaiXMYb_16A,26,0
UC-VajB34sL_JuvRiFBze-cg,135,1
UC-WCe6RXrFGWyJ7O5UWU_Cg,13,0
UC-WR3YL-z7_QvoQOQUosv7A,2,0
UC-YNPXBzNeabxa7kzGFCNtQ,199,4
UCUk7Q_2VryqhHpjZ_vpEpQQ,199,4
UC-an_zOTuU2vRsG_LJqdmGw,11,0
UC-bZBBIIpot_SRjrGGbHOTg,200,9
UCwS9CPK4F52oON0XG32Sneg,200,9
UC-fJra87LLcfQDOHROHRm5A,52,0
UC-lE0OZbj19FOF0FETlv_KA,11,0
UC-lIH7Geg1A75lKQN2koYRQ,15,0
UC0S1nzpBRsQPBFF7RxXIyEg,15,0
UC-GnI28gC4vpfmtv2pxh2RQ,13,0
UC-1OCs4oAlp_yG5d4sI8O2A,13,0
UC-2jhI0R07IUlL7_qSnn0vw,7,0
UC-3iDpjwH0H6QsPqxHnaMgA,13,0
UC-55KOT0zjO0yGfsCFBjs_A,13,0
UC-77OSSLSsMYCy99QjGzXOg,45,0
UC-7JiaxWLlnlOR6HEvHIv3g,29,0
UCS8VibrCAt2r9A4cMb7DZ_Q,35,0
UClPA56sU9nXeCViluQnlIgQ,35,0
UC-7o71wqpXMzKE6Ex3x7P6A,53,0
UC-8o277c8pZ8PdQWEOrEYwg,13,0
UC-8vgsw2uuP6_R3-cdo39jg,5,0
UC-AKdQM8A_pyu6z9Uo9e5Kg,11,0
UC-ATdyjIlA1HhClOQKcbAcg,43,0
UC-mTnhdSrZFHaPTeyJhPzoQ,11,0
UC-mj8sotAvZslnZz9I3RfKg,75,0
UC-okKVh_3BYowYpt5ITyZWQ,78,0
UC0H94cKJDYDH96j95T6c-tQ,103,0
UC0Ku0dzS1yGDfVUrjaJZxdQ,9,0
UC0LNQDK5fBKdNYP1vZOrhiQ,11,0
UC0LcU0umGAnbhPErAGdPjrg,74,0
UC0OWqpg5WKpJ9V-jN64v9wA,201,4
UCFRi8loMyPEQY69Gitn40cw,201,4
UC0SWzbP57InBKJeF65fa3ew,26,0
UC0U5OCCYZQ3t_cwgivXhgUg,26,0
UC0X9XMHoEilhy_QNzxFK5bQ,29,0
UC0aXTeVnaFOTIiTZNY09mwA,15,0
UC0crJX2mHaxEfNcUqORFPtA,85,0
UC0dkt7jWjybHNUUwpfhHl8Q,9,0
UC0fJqQTwQM66GMZfv6h_67w,2,0
UC0AzOFWppScwsIKHaBVnrHw,202,1
UCvoIpWExGMsHaYzNH5EL8Zg,202,1
UCRqi7A5G0gknnBm1zhEu7Nw,202,1
UCEnNtJ25efqRrAX9meW0oxQ,202,1
UC0-2HwL_yjuEN0V-z1GKfpA,7,0
UC-pddEjRE1CI0pNNLJOuGYQ,17,0
UC-rHhS14ctCFDLnTJUPW2_Q,75,0
UC-vijdHZIpZ0wPHGyYRdV-Q,18,0
UC-xIipWE8YNNlOl6yI_BAdg,17,0
UC1gXgUWMDitIwQyD1bhMu3g,202,1
UC0-r1TMzewRwXKvMDoz1EeA,78,0
UC04aWfC2SM3EJXvsWi39-9w,29,0
UC05qa8q8AIi2SSveWBQiVRw,13,0
UC08TJRisPI9-chkCGtKjB5g,184,7
UC09s6qgnZwdzpAecs0cpz_w,53,0
UC0AOrGX_-4Sim_95eGkOMTQ,203,7
UCr-6EwI-cO05wp_D_hHgxmg,203,7
UC2rqSffd5UO3iJl2S_PyyYg,204,4
UCGyVc7iix6Zy_31ENXKBTWg,204,4
UC2vNbVuQks0IOq6XbwJRZUA,11,0
UCGnEwFwpacivR-QImsPgmzw,11,0
UC7PGfytQWwI51uVqCvNQUKQ,205,4
UCJoCi-D5hQONZ8GG_WlXZpA,205,4
UC5Z0d9OYce4RmMKXIcDE2xw,135,1
UC5cX-3Kpul2Rz7zuOx7xitA,53,0
UC5itbD1POGSV0jtlPJE7dhw,13,0
UC5oVOR2z0w2P14mRcGlsVSg,5,0
UC5pJ_7GPR-4asA3p-umBHgg,74,0
UC5sSZyG6BECnuIbJICVEJow,103,0
UC5shdarF4k_SlAqM4SHpkOg,52,0
UC5uzYpR4Y50xqa_K_fKSGvQ,158,8
UC5w7HH1ccqKS20QLx8XmKiw,35,0
UC5xtf8quclO3KEP81Bdx28A,29,0
UC5z4_lxpVtx8X9daHTQ37mg,7,0
UC5zIWgkf4U57ODlI8wBbyLA,78,0
UC60XAAz7HlEXzbympkD6Lxg,85,0
UC61M-4MJ6W-LFtac96HCTBw,94,0
UC62zxkW7I8CXOejA8MWR3TA,45,0
UC635JrpmzK-jPb6Tbo1ibaw,11,0
UC63B4II5x-eGUhvSN9iFTIg,20,0
UC2nCCx67JSeyd2qjdZ8Sx1w,53,0
UC5WC6X5hzSp1G-zbQqSyytg,7,0
UC64Y9O2EN9BhGqkfav-Nquw,12,0
UC5Vcvt2wSwF0M0MjPNdn9UA,11,0
UC4w34rQ1WyTnPLc7kUeJE6Q,11,0
UC5-AsCWmJC2uknYO1AVK0hg,85,0
UC5-o-Er4CYFRMKuqG41nnaw,29,0
UC54c6fD368TpoRQ3VGn1Vfg,20,0
UC5FLdMI3qXIzLErAZfGRm1A,4,0
UC5KOlqenrmpd_6QKcMbASIA,33,0
UC5Kr4pwBPuiaDvh-j-8YUtA,11,0
UC5LLToGu20IhQnIGg5DqSqg,17,0
UC5LspyibyNH5gdOsufLJJ6g,18,0
UC5N0nBcbSTjowy1w5EDJ9fg,85,0
UC5PY9rEZMFZyW_0vGWmlUyQ,26,0
UC5Qz1DCSNgBk5Ul_Xvlipdg,75,0
UC5Sy36QLyVM0Ui6ybLajxUA,75,0
UC5TIAkWwlUzEDx8Y-A-Xvog,52,0
UC63youQU24T6JYjJQ5qm53g,52,0
UC69gzp7ljFbD6thaW2qB-NQ,12,0
UCTyXdbLDFkZugmnRyZZqP5A,11,0
UC6ocf17Gnng_bT-U5OOQgNw,52,0
UC6qycDqYw5B9Ozm5Z1FAbNw,11,0
UC6vzoWjQWn37SJaIAt2wdFw,13,0
UC6wOqu-uPWOGXkrxapfma_g,94,0
UC6zPXXOnu3QxPmpkvpHojww,26,0
UC7-AmMRvaosEnnOICDparVQ,206,4
UCSDWHBt5ZjI1QatMjA026qQ,206,4
UC74Yqfs3YPI2apJZ72t0LUQ,94,0
UC74fhd9TlGA-004t3rgbDIQ,12,0
UC74rSIsNcLrJY-ivz4c8o_w,13,0
UC77FoXvAvbmUR6t2LKIHMWQ,13,0
UC77VXm0cd-xyhmB8tp28BMg,75,0
UC78KEwL_9bH3W8aJ7luIn6g,85,0
UC7ALOgrjHo5A-A9zPefHsRg,38,0
UC7G52klTAjeY7klXkp9xx7w,2,0
UC7GGndp4i3wSLJwndQhpdhg,13,0
UC7IhSjM_aOlXV4uTS03UXfw,29,0
UC7MfVOwoCx7sfQLxp5Iq0zQ,78,0
UC6puYVpIDOJmZne22A-3fPw,78,0
UC6o6XFNLQcu6s3uOAU_c5tA,11,0
UC69k7AzMmfUKpzt4HbguCFQ,75,0
UC6l3j5nAAqZHkFPVhlDrJNQ,11,0
UC6FOjpsryIhq8GmYrYYBJDw,207,9
UCqXXAcYhebFwr5Cnuhl2EOw,207,9
UC6FrHHlEXODITHDsE0gqYZQ,89,0
UC6JEiUpkWyH2lFh6WpBMvtQ,13,0
UC6MoHrnQvzfVPr-wPboUi4w,135,1
UC6PVXrI2al74E3E5JbY_UTA,4,0
UC6PsTb5uXg3Z4nLQbd6PLeQ,15,0
UC6XWkudBmrlSzGl_LTPh5FQ,90,5
UC6aV73PN89ki3nJ3lSD4OUw,208,4
UCEXhD2b45GG1bBwCOmLBcjA,208,4
UC6b0X6RTu1GEy5W1LO1x8dw,152,8
UCa2HC_IcFqmvPmZu0DfPyyg,152,8
UC6bIrj7PIDQ16H11ZdQS-wA,13,0
UC6eyo7QTj9zv6gKZL_MgZbA,209,1
UCYEO-7MHWESs841lwMaHSQQ,209,1
UC6j-NFb2w46U3xC86qbba_Q,210,8
UCMliJQIwQxxAGvR4M3wsE7w,210,8
UCp7VSJRJUVMStMZn0XAmJ7w,210,8
UC4vu9MXE0Jzj-dbADMF-oXQ,4,0
UC4t9pk5yLVJFKBan7RzNoSA,12,0
UC4r_x7MJhTRp6PtXcHD09-w,5,0
UC3V2Y0lgwSZzpn7wbsF2ScA,17,0
UC3WG9061-JfVn5VSuaGgSkQ,78,0
UC3_KDlqaQklusIeW_J1W-CA,103,0
UC3_agHGsuZlKRTluaMDPlmg,15,0
UC3dLqKeVw6VqJTHIQVMC6oA,53,0
UC3giiVmxJ0tqkE52o34mSbw,75,0
UC3kHsXrrbEFMRkXM2BfNT8Q,13,0
UC3lfiyfrrfThFk1ki2QdUMg,85,0
UC3lkpB-ZJfgCSqAFY1M_unQ,29,0
UC3p3O-1NXqpDcQhX6KSkGWA,13,0
UC3qCgQwsPLmac41VOqWTGCg,94,0
UC3Vr2wMeYxFxEkPPIMR9wmA,211,1
UC2H6HR-zlVtRsDAeT3JJmSQ,211,1
UC4mJPjEWrfaRORL0qisZvog,18,0
UC3UnOa43yn2YMn2hItTiT-w,85,0
UC2vhccW8sNjLHkwKkgFUiPA,17,0
UC2xldinrqQD3ViFyQvId4Eg,2,0
UCL7L6pioYury0o8vj839qtw,2,0
UC2y-lH7lnysLMMRKLD4BE4w,212,2
UCYdEItYQq3czcPqWWhO27Vg,212,2
UC35yky8yzS7FsdLEC1-mN2w,11,0
UC36Vox1x2IJisb7RT7KDedA,213,8
UCLAsAbT237Xz8V75NbzLGiA,213,8
UC37bbsU_BGpYzmPK-s_Q_5g,214,4
UChAqWtnX8MHGVAynojOf4yw,214,4
UC3GlCvjuiVjOZV5WldfY10w,75,0
UC3KaMNlYAH1VAISJEN81q1w,5,0
UC3M_hF_DeTtS0QNDXcIiy9g,215,1
UCyrrOvcz2U1avHsDdUcsymg,215,1
UC3SsdnkVYTx2JOXKKY8e0tA,74,0
UC3TFuUN14b3XxZfxZDTIyrg,61,6
UC3qN1ZWlz74vfBce5w3d_ZQ,29,0
UC3r5fBK37jDd8B4TutqsqvA,21,7
UC3vOa5aKL-jcjxuHvsA6JUA,8,2
UC5oozl9DQ7zgOv7ZUj1t6Sg,8,2
UC4IZLmFUvma5x6kPB5_5BPw,13,0
UC4OaaBf5p9m51mS5OaEWlfw,17,0
UC4TJT9IRTrsBSj3OFA3ikCw,13,0
UC4T_HZVZ1VjBYm6C3mnW3iQ,13,0
UC4VkjW0tEcUNok1d6B9bXsA,13,0
UC4Vt_swo1TzQwnhtHMtMVdA,74,0
UC4X8W1tI8hy23xC_3M4U5Ag,53,0
UC4YDK7TQOUdRBc3heC09wXQ,216,2
UC6i1qdgKpKLA2UnY27P4pgg,216,2
UC4a_XXpCR9tk7SLwrBVLc1Q,29,0
UC4cY2TIi3DSFnai-AzU4VnQ,4,0
UC4g6bBMuXUN0Itz7Ek5Jr_A,13,0
UC4ggX2YDWdXBgftQlW8tmmQ,11,0
UC4i-utxf8LFirS7xoVrq12A,217,9
UCPYQx3k8A0uWap1MEDUFXKw,217,9
UC4jX63VoVjiEJDuvAhR3-aw,2,0
UC4HVSE4Mtfhw28sSFto0ZWw,35,0
UC4Gipa85tw87BFQEa1xw8ZA,89,0
UC3wZA-9brEPpp8II-zVGr9Q,94,0
UC9VsBS96YoceW7ErmOcsP6A,8,2
UCYulxzoWPunpnj166Nqg0RA,8,2
UCdXCi-Dst9FKRuNvuJBSAqg,8,2
UC3vZoMP34ZNU7XaZlfKazbQ,26,0
UC3xninKwPzcESwAolasj-xw,7,0
UC4GLcSz3LOkUCP_P8qDH71A,13,0
UC41bByW2pMnkjumJHzavvNQ,26,0
UC459Po3g0xHyvu7nqOcbtGQ,78,0
UC47zCYk9_XUTCsQujVcZGAw,75,0
UC4BveyDA91_Pq4F88YMqtiw,26,0
UC4EYGi9-HGfwxDbkrgi6v_w,11,0
UC4GBVBV4xvJQ609LwB4GH0g,75,0
UCGc53wVA1Fi4yDtF0X8wvXQ,11,0
UCGiViQ-NPp-X4iVJwZd1xJw,75,0
UCYD88ZXM16prr2cimCVv4lg,33,0
UCSMJNPznTaqNXivQQAHpQZw,15,0
UCSMnzZjnaJTi8lqAzLNCEpg,7,0
UCSNuMnerAIS68elwd15QbAg,75,0
UCSOn90sQdKVvnMAhs18Xl0w,29,0
UCSTmDw3qodqIrVmy6NC5GHg,17,0
UCSWs-qUHOs4mjpGkQFOiYZA,7,0
UCSYwJvoLmOoh4fV1eGqhqOw,218,1
UCCD8DX2kjcDuYAPbCbnLj_g,218,1
UCSa0AQpPGrocztIq5I5Riaw,75,0
UCScgc9zeBWg5zB0ChL52fxQ,11,0
UCSiP4aMi3uNlewEMPTWpXdg,12,0
UCSlu22pMU1BojT-Q5SLq6Fg,78,0
UCSohfD3dzukTY3-PP6MTG1Q,75,0
UCSon0hcZTu8uF5x-cSPEydA,13,0
UCSq1V1Fmkx84dXtMfrUYldw,13,0
UCSrTWXs_KwytiZS-cEPhLTA,219,9
UC9glcp1gsjfxIwp43WdFmoA,219,9
UCSMiIOC9omzRSUSeITL_WrA,74,0
UCSuJcQIp-53AjQnP37DTOQg,220,2
UCmGAS7lEs2WqAkyGXooq1vA,220,2
UCRddEVk_06hiOO6JRTkOvfg,103,0
UCReOX5mSmE8df46fDJkT3IQ,75,0
UCRgQFpmi40cxaueXxT2Pxew,221,8
UCDymQUjKFWlPp0eWpnmSFDg,221,8
UCRl5n81IUp5JiSWz3K6Ml2w,94,0
UCRpNnVGIzLNxp7sHX7Gg7dg,13,0
UCRuNi6andzZ2uL2rDsyP61w,17,0
UCRvK0IsQCQcbzVx2IgUjvcg,74,0
UCRxMLVvgvPtl7kUGfkjX45A,2,0
UCS2J0EgGjZ4fkGmXItvps5w,33,0
UCS4HXDsUAvbYM6I1u1CuvZQ,29,0
UCSBNuKCqoLVrTLcHIcJcs4w,33,0
UCSDC23jS169Y7VAoprrPiww,75,0
UCSDHuLUDgA8xspHKoveDcoQ,12,0
UCSDkMnPVcnjmCVngweDc_Ag,75,0
UCSFlP2dtpW7dsxiI5bNYW1A,13,0
UCSKp8arVfSgEFVIxpeLQVgA,38,0
UCSL6SoWyEueCnNeE0uKXcmQ,17,0
UCSsHkrxVLBRrphEVd5haZQQ,29,0
UCSuSW79UxwxcEmkR5ysZyAQ,78,0
UCRc01ABqOph45buz7rBfguQ,99,1
UCTMsUtQwgAj8HGX807qArGg,74,0
UCCzwYq56xrx0Rwais4ip0jQ,74,0
UCTN_xbqyLc0YUaUeeCQN0VA,18,0
UCTPYYijbIwzSwUi4eci2atw,15,0
UCTQ3_QzJEyFG6tm2vpIxYTQ,13,0
UCTUMKIOFyZM4-frfNftP-8A,222,2
UC0oaLiVCmhE5UZ1G_B1tCDA,222,2
UCTVGgqhniTyuxgB_U4EpAtA,75,0
UCTWnDbUhHQ2MzRVL3ReGDSA,20,0
UCTXIYHtE-4rTO8Ea4hLe7YQ,15,0
UCTXbUoyRczE95-RmZMlXoLw,33,0
UCTcsOpUFD-lpYrLS9k-bRDQ,29,0
UCTdwz-9U4u0vmBOxzi6jxDA,13,0
UCTew7Ql8mA6Kba7zoVjg7jg,33,0
UCTiFO4_Nq2su_fCahw9fxZA,33,0
UCTmyYO8TOFUmGKXBmR7swrw,29,0
UCTovQjIMkfOzrAmTmmyyreQ,13,0
UCTrHuNm8P41xdc-cd-JXrWQ,94,0
UCTM9HIO7B93nTmnz0xkpaWA,13,0
UCSwU5Qrtuk1n3JWBjHd_Prg,52,0
UCT0In9EIs9id1gOWgAy3dWw,13,0
UCT1V5KC82pKDTCGUOg-PGxw,29,0
UCT1X85O3bvQh-Kyq6_a1I9A,17,0
UCT2xFrOgJh29OFJVdU68xyQ,53,0
UCT5N75Vspn34Yb8T4EhZ-iA,223,7
UC3kvR_xrDCvJX9uC3dE0MSg,223,7
UCT7qhCf9Mxgbk8GJd2D_sAQ,11,0
UCT9d0hrr2wonTeklx6APY4g,88,8
UCTFvjMiIagRx8hPgFaoT8mw,35,0
UCTHKyaKfc8_wvbgusbKvzPw,26,0
UCTHwL9pTDa424KwjsD-oypA,26,0
UCTKXfAJAZX66OprKaM9-PRA,53,0
UCTLTzSnbTvXKFFzcuu_aJPA,26,0
UCRdL6FVfnUPPbmQ5yaaVarg,117,7
UCRY1GiAKy-mvmKBduRcbVhA,2,0
UCGjTCm29UjpeZ9qYMgKtalQ,11,0
UCPqoe0JmO6zeHp3tRgXoVFA,29,0
UCPvEMLwgAjmZgiBoObfHuDA,75,0
UCPwusvZ3FTE2Nd8PPH9P5BA,11,0
UCQ5af5_0NQJEhe6fTf4LKzQ,11,0
UCQ7H4qIgrS9P_E5lX1eNYlg,13,0
UCQ8YcES8QDI9Ij-vgs_r9dA,13,0
UCQ9Eom8mUoE6DslctKj3X2g,224,8
UCisjLwHMbSgKqqkHKNcoZIw,224,8
UCQC2NJpAOQWtFZqYHBrdAWQ,13,0
UCQCJBR0sPPtdsbam-qX5leQ,15,0
UCQCNurIyIs7lasFaPeiHsKg,18,0
UCQFr7WytEHF31AOxVUCKzJA,26,0
UCQFyOe9PI1DmaCfaXtBBQ1Q,13,0
UCQGyuwxPQ6VwFyKzo78Qymg,17,0
UCQHnjyaygmg96ssXZGQ1fAg,13,0
UCQNLJr6ZBcRZnQekjQE93RA,35,0
UCQPHruKSzSSE6jN6gl_Xe5A,11,0
UCQSwuX_ld_7Y0HUGEkh4-rg,26,0
UCPsqKN1hAFLuqGqFIHuwC2Q,13,0
UCPpF9Dik9pKa7J6M0EXgCUg,22,0
UCQU0aU2Wo75TePF062TrE2Q,75,0
UCPovaaiCnploaX-EePO0MPg,12,0
UCPTiR9uagw8CzqvltrjgyzA,13,0
UCPUxLIGPP9a-rs9bfpFllPw,75,0
UCPYZ0uSA_dWQSZpl9Lto8UQ,13,0
UCPf9kWCRf7uPiELV6K_JKSw,94,0
UCPgN-maz3EFkxT6tsZ0lB1A,15,0
UCOrFUQpr7InTsPY74VVNJxQ,11,0
UCgUW7LjhgelwrJrndZ2qC8Q,11,0
UCqePTs13Pb7kFkhMH_r49ug,11,0
UCPhlcHLO07KEPu6LvTIb_2Q,18,0
UCPi5wxrHAQBUj7qH8QJffJQ,33,0
UCPiAAcvWLXMST5PDd18snSg,33,0
UCPo2Fr9PkmAyn2HPDmN6w9g,20,0
UCL8VH_qt7MaNDCTAXo9EJRg,20,0
UCPoSm04MW4PLYSRJJjR1d4Q,7,3
UCQWoePQ-nPsdleetn9SByzw,26,0
UCRU5y348SFi8hC4l2ZYzx2A,75,0
UCR3RYwofrhj4Zj5CRtgWgEQ,7,0
UCR75R4Bk6S599irrTS_fbjQ,7,0
UCR7hdgLU0m0RiXcP53LGTLw,29,0
UCR8vohEBpaU5hFm6BLwF1rw,78,0
UCR9TOSzJ5kQZFIsT0e8l2HQ,9,0
UCR9UmDpuxx_hAi7TvRooUaA,85,0
UCR9xfaTO49dr0LN0jp4t_UA,61,6
UCRAH7YzjWg2fIGF4ypCkJDg,61,6
UCRBD4cNSNVlu362R2sjHYyw,29,0
UCRBUJIFH0vHFSMdOqyS0w-A,78,0
UCd0xxrCZgvYLQL4Y6ILFgFQ,78,0
UCRMVRW8_mnVGk0lT3fLmxPw,13,0
UCRPisctVxeA8uhMS-reqPEQ,13,0
UCRRgiT0xuk6kUo2dDda-DTg,75,0
UCRSKqobuSrm860UlZgYTPmQ,7,0
UCRSwKXwvBoBD2rWI6M_Ql_g,11,0
UCR4iFhBkTWFizR6UeBkGlDA,75,0
UCR1vBG8yDpNUfKL3APvKzkw,225,9
UCldxXe8Xzr7pJNkG9r_ycoA,225,9
UCQXIX-WZ_EgWiHqeLSh8LDQ,13,0
UCR1Y7GAUjDbY8BQyyDv0oUQ,13,0
UCQXNzhmCxLyXuWoX33hCxFA,13,0
UCQa6E-KRvecOxqGDaNvPY1w,226,8
UCizmY4QJDR5OViZNp6DFv_g,226,8
UCvKMPh2O2Zt_994Ro6_4FWA,226,8
UCQbYoFVlU6I1F_cCJqCbeqQ,12,0
UCQeMK21NwJ2NNKwaKATZYHg,11,0
UCQeULc9SzGm-RWWWmgWFpOA,29,0
UCQgbLeW_0O0tiVMLaLwRrDQ,227,7
UCM19PR908qUCVk9Hus72UYQ,227,7
UCX1v00HxnctYnNldDx-meoA,227,7
UCQhKLY2pphVpQtMpAe1H4Vw,74,0
UC5YF6ouoVUCAjfzyzRVD65g,74,0
UCQiyc5GPWUadtOWGmSSZCGw,11,0
UCQsEFEq8vaYz4vcsepXtr_Q,13,0
UCQvngMcwZSXLxEbR2uIOsmA,228,2
UCYGeJcQJnyq2FMRRevVhtxQ,228,2
UCQvw3B4DMpzImI4FO2n_KIw,43,0
UCQx8I7xHnFD1m4BqeMQs41Q,5,0
UCR-sq7-H3IHiW9ccYQsHnEA,18,0
UCTteDPdjIVGYd3erFxeEqwQ,38,0
UCTug7QSpSNTUZwcEvpl2KDw,229,7
UC_Oz73O5JqnEO1mC_1m4URA,229,7
UCTw7uypi-W5BO0fHiLeg0JA,61,6
UCWamKM8fyOjwtNsGWc5A8DA,18,0
UCWd014OazhOLVvUw7EVEiVQ,230,1
UC0b_eacRiZ_kQsNiqgYN2tQ,230,1
UCWh4ysmBtSNNCWilEPJYmXw,13,0
UCWhcGW-hGZxrGJiHZ4Q8uzw,7,3
UCWiJ6LwftNzLU_0UQ3lRvCQ,11,0
UCWibA4PK_4DP9Kjcq46UWJA,85,0
UCWj7vX9j8N4exIQA2T9yV_w,231,1
UCWvRoK5Ty4wK6aHi2bgmmAw,231,1
UCWjm51C5BQ-dU3hwRSI4ilw,103,0
UCWkt69Kby0xQ73z5On2LDGw,232,4
UCPEtN99ChuZKtFiwRDJiWJQ,232,4
UCWnCM24QGN4euglA-LAwr6Q,78,0
UCWnNSWkkmcNT7AWphaMf-kA,20,0
UCWotsr_oW6r24W7iOU-ytGQ,26,0
UCWtyHb5oe1ZaEdLfOxRGl4g,75,0
UCWuXMgksRtf5XPgcW4rJlLA,11,0
UCWw3G0SxqiEckiNm3vufthg,103,0
UCWy6sRNgKhJW9NmrtZ_xzZA,233,2
UCneKEWOh1KJHJUf0p2PKiQA,233,2
UCWaXJ0FZ2jN9zUocY8nkSSQ,29,0
UCWzE3PjUZ0PYS6KtQFJKeUg,89,0
UCW_3Bbf5mAT0Iuig6bIIXIg,33,0
UCWJl3IrXMnZvuQt6wIb-h6A,43,0
UCWLLI7t9Gb7H0MpoL1_cuDA,13,0
UCWLTGrZiL5xRx4h5lvuCPIA,22,0
UCWM6cU-7BzXUNK3A502SPTg,52,0
UCWMZxSB58W6XhqyM2ddmy0Q,44,9
UCWO_Fy_QzMkzzkwVwDMl6bw,53,0
UC-0uZ2jtuQo3Tnliud4NisA,7,0
UCWU7dbRApuwKyFItUykGZdA,12,0
UCXzwtFBi4-bcrKGLhGxlIyQ,12,0
UCWVJoQd7MszFkIfiMEo-lgg,234,2
UCf4hvucgOje2ZAeisW4r1Rw,234,2
UCWVYkhU5okqGCFGzWcw4CHA,18,0
UCOTQo3Ee281Vok9dR3cXyhg,18,0
UCWVyMC2r0purQAewOe1hi_Q,13,0
UCWWrwRotV_1mqqDFqArXuGg,74,0
UCWYK0tgoG84pNYLX8z0Cedw,75,0
UCWZsWEPnCyFFYIR3JQGlR8A,75,0
UCWz1z68O6UOaeG_O0XDl1dg,235,9
UCfoj-gMfD_BVh4kRx8nfYXQ,235,9
UCTyw9MlS1aZe9XuyxV71d3A,75,0
UCXa1I97s3GE4HLS1GyAqifw,94,0
UCXd8v09pN5mgrcULYO26ajQ,74,0
UCXh2s4c2BmjR5JrhfSezedg,7,0
UCXhte8uatC6Qv5PsJdQsBug,236,9
UCsDzXiVbOM9WD1RhkcayHhg,236,9
UCXl7G2Y2ypDSucT9iJ65H-g,7,0
UCXlILn783baHSJ9sw9zZ1RQ,5,0
UCXom08XyV3ZOYjZb2bnpAFw,13,0
UCXxJs527KjGVdlh2DtVj45Q,85,0
UCXxPyixk_uwDK_BssNHZU0A,17,0
UCXxwCXGe-Cy6dqfiRzLT2kQ,17,0
UCXz5jHHKIWZvCZZdI3ofz3A,237,1
UCzBg3mEyDU4-IrakNqk-TBg,237,1
UCXzV3c7SbEwvGsjaOdKcb_Q,53,0
UCY-e0bj5cUO8o0iXqqird4g,78,0
UCY2HOq-PT7OwF9sKTgs9ZEA,52,0
UCYAaAvRhgFPrwY8-xusUQ0w,13,0
UCXbLEfVs4AzJjCmqdE9V9Ig,238,4
UCO78Y3URMTDxOkRNVznCleg,238,4
UCX_U3JVi4k8rDmUrIgLUjnA,7,3
UCXWjEqHAzFkQ9a04AluBeDA,32,9
UC5MUsaayf7dtzB96sf-Pebg,32,9
UCWzb6JkKG2N_1PxPJitpUYg,39,9
UCvepj6Pb9BWfy16qRMqtjYQ,39,9
UCWznuuE6RDdSdm1JqfNCmWg,15,0
UCX1TwH2IBKPwb6fc2uwwmUQ,11,0
UCX28Iu5d8JZHWoo7qX6D-3A,9,0
UCX5sqTjo7AgtG8CRYZeIqOA,45,0
UCXCgCvW82G5gsZovZibpRCQ,103,0
UCXFcWhMP9FSuTlQhL8HMREQ,13,0
UCXGoBiBKNx-vvXIqJv0ZXdw,9,0
UCXL_QTiH-GYP9tvocI-Kpnw,17,0
UCXNDgQwFV6loZVFz2VfjbxQ,13,0
UCXPZCs7MsnIhYqIlfuupuUw,33,0
UCXQabwZd1XJjGkHdI_wr2Nw,78,0
UCXRfHfutre6JBIP_GeT6W7g,53,0
UCXSBxBKKxgIlf3KnYARlbUw,35,0
UCWjI9nmU37_tXXgs9aRSvXA,26,0
UCUUNluramUb_JoXZzFzAGMg,13,0
UCUX1rZ4VUfYIqhKdd3qDW0g,13,0
UCILzCO9t0-Dp6T8-j1XJpaQ,57,8
UCYR0dKWjPxfvSvU3ffUrVkg,57,8
UCUdbuDCp12x3N6s5m6ffekg,103,0
UCUhjaG14WU6fhw0ylkqOQ7A,13,0
UCUkHyzhJSi2WmxL2SfxGRRA,13,0
UCUlprigK1sYxJXb858oR9Yw,26,0
UCUlsTaPKF4HxKM2P1OlrBKg,22,0
UCUnDJzOBc_g1WXCC-vJw5IQ,35,0
UCUq44DPfRNhfxxoMiZjKdQw,88,8
UCUqKTiRp_2UIafMEswddMbw,26,0
UCUs3RoPyTFCt-CNpygjX0lg,9,0
UCUtrJ5wpvkk8_5XOUJpmzVw,61,6
UCUvF4cP6ZTlxWH-P9v2qaZw,94,0
UCUxWcBhjra3R7SHzSufM4Xw,13,0
UC-fvAGQPrhmmSaehp8VAR5g,13,0
UCUVYOCaDCD2A9-jY-rIxxwQ,13,0
UCWH_xY6Ixi1evLlfLoTKaVw,41,1
UCbjXD34RTIsPS0VZHZJI1gw,41,1
UCUOj6dxlUmOXzrabK-BgY4g,17,0
UCTzQ9Q_tEG_BRpO3gXedcAA,78,0
UCU-kEf0uSTg_EPfstFjRSSQ,13,0
UCU7tZhBoNpAv4gavryAgjHA,52,0
UCU8aMGTojA7MVRHWk7TsLeQ,13,0
UCU8s6v6o7dlnvk1y0JO_4IA,11,0
UCUCA6_FzHPd90pOmS69ytoA,18,0
UCUDBLNXhk-0jPSyPRUUvojw,75,0
UCUERkSUhZEXuQGKeFbwuXiw,33,0
UCUF0EbqXXJ-2JF0hwFteg6Q,17,0
UCUKH8rr33TXzBQflfubCHrA,85,0
UCSJO0oTC7iUzxQkYev-7PQA,13,0
UCzhyAOStUN2RT_ZawG2Awkw,13,0
UCUy7JcJvpinZEYr9kgAxDpw,42,4
UCrLLBdHiA69_iXqZyPI5_Sg,42,4
UCUzYd5KiU8xUa9nIuPRXjfw,53,0
UCVbx4OfqC7Kij1hFojgEktA,75,0
UCVc9ic5mNvadfdF5DAj7uBw,11,0
UCVeABLDI4JHrzIBdwT5LSrA,75,0
UCVkOG5O6oqolIil9ddRIHCg,13,0
UCVpvJUR1QPQlu8ADVCGk4Jw,29,0
UCVqmS1h02s0k2jybmRXniSQ,75,0
UCVrTH4-QIBPpFBtA-7LLsVA,94,0
UCVsoZ2FNFAEiflpMcQ6DecA,103,0
UCVwJwmNKQQGF0KD0qe_Hwyw,22,0
UCVxhqq_exwfS3BPTzo5i-jg,145,7
UCVytvWtggH8oRAaHJQkPFMQ,13,0
UCVzlHXEBSSdyLoF9swvkaDg,38,0
UCW0e-kCV2dHydWAFeAxn-aA,29,0
UCW10Oqovlan3jebWkTgEj7A,94,0
UCW2sVmAxxl1pI32YhREAOrg,103,0
UCWDmxS2HCz2ZOd6uTHojZ_w,17,0
UCWHByfuy4iu5pK4ve-MWxuQ,75,0
UCVbaYaxJMNiGrLb3adDatzw,53,0
UCVAZXZ90b8aw3i1MQngo_WQ,11,0
UCV-1IrDW1MM0CPm1t1EJWPA,46,2
UCNrl6kSVaPlE_ED_14Bkcig,46,2
UCV5niioE7Sq_NXQrUo9cJEQ,9,0
UCV6UWnHjpYIvtZHqrsi7tuA,75,0
UCV7cuG97ZsJFaqlB1mGvvrg,22,0
UCV9L4cAz44NXqy7j_qKNIwg,20,0
UCw9xys2hq1gEImv08_kszwQ,20,0
UCV9YMUwUWLzkiTgJTeG923Q,75,0
UCVDfnk670bk-D2yahYonHJg,74,0
UCV_Yq7x29ZSzhmsdzy1Drqw,13,0
UCVHpyyJObba0UWwhG88uSQQ,103,0
UCVI6nXBLKc7oDImDdWadCDw,13,0
UCVPvaOYBGm8bneyc6FhsREQ,45,0
UCVVWfKAwH8zzKD5dmAgmh7w,15,0
UCPT7k1EU4dTuifPPZhNpu9A,78,0
UCPSj9KifjIP-kKgZEyyqoKw,11,0
UCPQOUbVdkiJPGQrLr_FJntA,78,0
UCK6sR9jNPJMZeFipGzq-CBg,11,0
UCKOfbG8ddiJFRJ7sY4D8xRQ,18,0
UCKOuu3vlnYYz5ejNE1o5iew,9,0
UCKPT5sn6dLmVga08EAWRJ8Q,15,0
UCKRLrCoSYPOrlkfayC4Pypg,11,0
UCKT6Yz_Ny45ljnTXbP-3yYA,75,0
UCKVj_IvdQGF8EQtErAydw_w,11,0
UCKWE_K2nyBFAgWluZLmKxwg,223,7
UCIhA0wKk6gV-bBK8WpZcNYQ,13,0
UCKaMOHPlBgNBfxqP2SeAO5w,94,0
UCKbKTQGbQIRd8MYWQlxVxWw,47,1
UCB4zvDMAEkPjHp_OUO_iNDg,47,1
UCKbZNhv0cNrj15LE_bjDhlw,17,0
UCKcfBjZWwTawkVTfSULR8ew,17,0
UCKhFBpo6xNQB5hHRDbx7evA,75,0
UCKNaUCTNAS8d7ri8n6X6UOw,26,0
UCJz1B2nZ6BTxtixXPosSN4A,15,0
UCKhW0lfadQJEp2GfjhxNlmg,85,0
UCJxXq-hCDQWndFBps4c24YA,59,6
UCJWFz0LBMeAXUKCTOxcTONw,48,2
UCAzKljssTb1M2AUKdQS13IA,48,2
UCJWvNQOz8_3ylP-yvXdF71w,4,0
UCJY6XkN93PQg6KKfiy1tZAg,224,8
UCJZ7IyhmZf4mMqHe3Ueqsdw,78,0
UCJafqY_CeUTu_aS_Ew_m_Hg,75,0
UCJahryoA_nTyzmn-Nji8w4Q,94,0
UCJdMywOxeAh6tzKXTGdE6Iw,51,4
UCzKi7ExK5FfXayhT-Dxltfg,51,4
UCJeXWiwlSV6w2KrTOPVSsKg,13,0
UCJglUsTXNnXUeOEA2xgrkiw,21,7
UChCnQ5Zzf5q1-_CaFgNOcKQ,150,8
UCJlovRu7NmZgSDUpErISoPA,11,0
UCJov8yyBu_LcU-P53VT-XCg,78,0
UCJpkaEHyMsqIlgsn5zkRtOA,29,0
UCJqcwuBUKw3-Rz-cVKIK9DQ,75,0
UCJxV10M4b8pVYBQILwkpsIg,53,0
UCKhTEmvKxVzZfvD5gnpi9zA,85,0
UCKjNF8pGGDqV_nM3-FR5b6Q,89,0
UCLGokh-hPm2xa578Lghidcw,2,0
UCKzVAtqnN4ikP6BFLMmq7Mw,13,0
UCL16D2kx6pOybjmL7OBe85Q,52,0
UCL4fpVpObL1DW1I4syIRpIg,75,0
UCL7msLZpndXQ8oN3zm3XoNQ,38,0
UCLB2ilPQ3VO7QW3UFQAcWkw,78,0
UCLBCL4UowiixDlmu8K-EK2g,75,0
UCLBc5UNi02zS6UOFeth4pKA,78,0
UCLDXe2S7nFFo4ihj_u1RBvw,54,8
UCBeDEaTHTEClm_MepYgJbqw,54,8
UCzkO9sjFxD17W8CQfKOX-rQ,54,8
UCLEjkmrGfTrKcgLYdruPG3g,85,0
UCLEnt7aa7JevKXpd-9ebvgg,4,0
UCLFPFkfrg8MYlmzjUvP71MQ,56,9
UCEgV6LrsCQFSV3-ieEhTtpg,56,9
UCL-NOlzMQ5OAD6C88FbIcuA,26,0
UCKz6gblK7DNo9waUJ10-Lvw,103,0
UCKkZkFIGKjDKiqIuhzf2Enw,58,1
UCp6lHksu9r8ePqjwNJbvcMg,58,1
UCKyfq-n84D81D-Vwrm1FKzg,13,0
UCKmW1THoHoMco4hyDEsW2hA,13,0
UCKmc08stD08z-pXyKP0HM5g,11,0
UCKqp8ZRQHU4EUC-unvU79mA,103,0
UCKr4Z20O5sMSNs5bnV3jBjw,5,0
UCKrVXtvRg8nHY_egOMYSleg,9,0
UCKt4Y28RxHnpz6h8qsFEsWw,13,0
UCKtI1dNZDDIssmhE7HuKkIg,13,0
UCKtX1Ktaz40GvW_gQPh4yyg,33,0
UCKt_CXInMZU777_VJcURxqw,53,0
UCKwtUzlc9iCP6tPC078NCsw,13,0
UCKyNMdHqrHUXa_qMXWXlMdg,67,1
UCKDnyAZX_7KGZAjb2P9yXPw,67,1
UCm1n14XA9DhEfpz8zWv5Ryg,103,0
UCHJ4-B1Jb1E34XwC4llryqw,20,0
UCHKulTCZoiPc-jXdBIWSTGw,2,0
UCHMAyBQ7D3HoenuV1qu7LwA,88,8
UCHMjoqx2A86idebGgfzqo7w,45,0
UCHOJNZx-gvyt2y7ftwKzWIA,22,0
UCHP1kkf1-3sNzMJNxBnlxtw,13,0
UCHRsMvOLN_5dHXD8wTLwL8Q,5,0
UCHTQnpLaCBJ2WRq1HO4cOfw,33,0
UCHXeQGqYQX3WLE4EZW7w-YA,38,0
UCHe67AsuktYxbX2Ksamf14A,38,0
UCHhCFpiowB0nrg6Z4m4PTNw,7,0
UCHiCnaaPmfNCo3E5eG-cs8g,80,1
UC66RJvwkjkVbsacAHBzLf4A,80,1
UCHoBOqJ3dk6QPs8B0H3zzZQ,11,0
UCHocDOj7PbRTr1WjTp1S6hw,7,0
UCHG_Xn33SYvtt609vtf0tjA,26,0
UCHGD0XuApIaG9p4W4aN7p_Q,12,0
UCGomn0ZRKly7AHTgEwFMzzA,78,0
UCGozQkpshqjB8ZNGmQdkvtw,9,0
UCGrIA3idU9EURp1awDLKnmg,26,0
UCGrkr970hY8zzIIkGtoxfUQ,11,0
UCGtsYpBWNeVYsK2l2xXJSPg,29,0
UCH--tWiS3aiK23_8l8NPzwA,13,0
UCH-9s_LQRb1lJ4sWTu2crhg,96,1
UCI8VzdNIPPGc76kpaq0SYRw,96,1
UCH-aXPU7EzYb13myXQ7kFow,101,4
UCUcgZmxXeTS9zEdlyC63Qpw,101,4
UCH0QZ_f9cDblAPEYOMJmm2A,15,0
UCH5PIUff6fdb0KAGnW1acIw,4,0
UCHA4Lnewv0_skVn11Z_CQ2A,111,1
UCODz53580w-nl2of_fgkNAQ,111,1
UCHB7B0o-uRqCf3ohuYrC0Kg,113,9
UCCNBZLHQAb3scNPtQej7Jrw,113,9
UCHBqWJYesYYdh0E9Glrtb8A,103,0
UCHDeJn2TAvIhn9EN-U-NH0Q,75,0
UCHFz5CJbvjok7BtTzkDkHRQ,103,0
UCHpyk0JZF1QroNqRoKxM2Tg,59,6
UCHrHMm1BsFAgSyZByvw3POA,9,0
UCHv0FgEimgiwH0eSHpCHtkQ,2,0
UCI8QgWFyyt3jicGGwlqID7g,7,0
UCIzrbWDXDcii6bTmUyObFpA,89,0
UCJ0QijjTuSFY6xM47a8bYMA,103,0
UCJ5SZv4ek7eiAfmQYz__Swg,75,0
UCJ6JjEDJreiONGeenlZMlVw,38,0
UCJ7VOfzAidZwR-A7c6HSv-g,12,0
UCJGx94yygCSHuDBB2KPNocw,29,0
UCJMkyHlb_XZjw7CyNiJ6PBw,17,0
UCIFsGeVmJfHiiCsAJXk-DLQ,17,0
UCJQDFCjORdpJMzGBFXU-C2Q,17,0
UCJT3GstoBzqFED2_Pvatzkg,20,0
UCJTASjd7Sf5cRpChSXAnLlw,21,7
UCJTc2bg1N2M5kVBmhXYOfZg,103,0
UC-jlaD2qqk9Eabas_cHH34w,55,4
UCIpyLOkiSzPVwjrFBxkRrIg,11,0
UCIpB9FCeqBaWCgeajGuUCSg,13,0
UCITQvOV-6wVMEs3CiTpqtyg,33,0
UCvlQBtxG0fvORz1YBnlgMrw,33,0
UCIAW55gsNK38cHjP_Gs4CsQ,26,0
UCIEeBMaoPpN-aHA3Q9BdB0A,15,0
UCIFyIjzXtT9Xtah5_ygnzRQ,11,0
UC6NECm5KPF7fpPKLhi8rMow,11,0
UCIQJHeJnAJIiq5i-UZXJxkg,52,0
UCIROnuf-Bb2YLV_BVq38NNw,26,0
UCITcvHxauxq3kkL1EqTvaLA,0,2
UCIIRfUv-8wWNb6jEwM2namQ,0,2
UCImw68qvGEG6qOby1I3_TDA,75,0
UCIWFFNdxMz0pt9KrTz6SPdw,1,8
UCbM9YdKSWS9-PfhrM67-TaA,1,8
UCoGRh3HkRp1Zm5sAQgDwtMQ,1,8
UCIX7DAyCPRnVWXTMY5cACoA,3,4
UC3p4WVPAoWl5k66jhyR5dcw,3,4
UCIcWO3WpX9ipYGw7QjURe0Q,38,0
UC5pr5PQhrORye2H157hIQBw,38,0
UCIhvOEPYHIPim_3TjQ-GrnA,38,0
UCIltSpHrh4QMLY-4GEKCuYA,75,0
UCLGH25nd2J8VUJhSqcuSmMg,29,0
UCLH849u2EvSP8yXdcp1yvFQ,4,0
UCPLRVtdWzuBcTAqssRfUa5g,6,1
UCil6P5vnUAmeNCvY-na9bMg,6,1
UCNdq2phL8-mIMPKuB9DqeLQ,216,2
UCVtwpgidEkp8iuTN5RievFQ,216,2
UC_JT7UKxaT0I2wgejpbaqmA,216,2
UCdBcFQXK1wXsMnYPGBivcMQ,216,2
UCiX0PXBd8Xt6z7d4aBodYqA,216,2
UClpMbRk5ih9XYtPS6evSbeg,216,2
UCluPSvrav_YDXi3bIny5ZMw,216,2
UCNhiqD4zIC-2w2uz47qpAag,15,0
UCNldZCqrPT6hQ4yhk2toEUA,75,0
UCNoCBav961t37WBlsiCXgpg,17,0
UCNozEI3V2DIaTLcFxUqRFrw,26,0
UCNqI137jqCQSoQwQLUwT4Bg,26,0
UCNrw5QxWAMooZ89sId7lXNg,78,0
UCNsNjqixxtICByZkI4a36Ag,12,0
UCNyJDIqcGZg70u6nhBB1_3w,13,0
UCWEgN_RvHS5kVRF6mi3cHFw,216,2
UCUSdznP2N1H9janm2kFQd3g,216,2
UCO0SuzKvOLK77UVDYfPR_iA,11,0
UCPO-fZ8dk65uYrVBtqubYOQ,216,2
UCNQD5LaXOmF62fP2iAe-9xg,112,9
UCNSDIoC_DNITu00VCAptfQQ,10,1
UCb9dJ18uWV2Ak82KJoDvIBQ,10,1
UCNTAXjJBoqIPlK596VQKKug,78,0
UCNUL4gK-ZFA4E36kquwUs5Q,75,0
UCNWZjG9St78SJFI6QrEJqEA,29,0
UCNXP1IKfQWJwBkzO08xtfkg,85,0
UCNYkBUkGdlAXST_h6yGtS6g,9,0
UCNaJedUij2l0obKqqmPLoEw,7,0
UCNc48-yT1OkNXvkogue1SmQ,75,0
UC0Qz6ZDFkdWQJRkevlomZvg,216,2
UC3sVZ5wwE0YYJLrlxj6J4Mw,216,2
UCKHtIrNfTxT6e4AOTlFVofg,216,2
UCMrS1l5cn4Ukq9ztJcMlptQ,216,2
UCNEAnU7rYNvZPPTiVln9KmQ,216,2
UCO3U208tEfa_9TRe3zHjsMw,26,0
UCLHOx6kF6i74bl6Kas9rJlQ,75,0
UCOiDcFggSGo8LfNvikTa9ZA,29,0
UCOkPqotMjmqM7SPZV4BW1dQ,94,0
UCOqFcMzCBLFF3R3oSUas6HQ,13,0
UCOtDhIOvwlEWfPPNApiBGfg,29,0
UCOuYo63Tft-tWGZbYG9VNkg,17,0
UCOxoxYNTroCjv213t_-Us2w,53,0
UCOyPyuQJ32Q_R3nDc1GrkIA,13,0
UCP-vNoEUhVv_nvmyXCp2oyQ,78,0
UCP5KTBU6fbQb0KXXznzC66A,16,4
UCLT6gJr-yNtqXBMbOrPi06Q,16,4
UCP6WmkEhSm3NI3Pba321PIw,29,0
UCPBgxOKFBrYN3xdq0AJPpnw,12,0
UCPDE8DLGVO8PnhyrNwXTgTg,9,0
UCPDqObx4DAAny2CgfKN7UWw,75,0
UCPEiBV8oENWsJjOnnepuT1w,11,0
UCPGORvA-SY4vxP4e7Pgjs2Q,13,0
UCPL0y2S4E3Y4wULdoM15tpA,29,0
UCOiSIABvBMYKoIVx9a-XulA,29,0
UCOhOxT9JrPHoUDSomGs_vzA,29,0
UCO3jgmjOpCCSaVAJbZmekVQ,38,0
UCOfnwYWY5Z6kwaFlM2TWTjA,15,0
UCO4ONbsYN_lrQO043slHLkg,75,0
UCOAYqA5QT6wnJzHoC6CpVng,29,0
UCOCh9Ks6i1YzTzqPDTKD1xw,52,0
UCOHPnvZLQcXQKI6xWcsIZZQ,43,0
UCOIpI27UdXJplb86y8Oyh-Q,33,0
UCOPQfuyxtP-aw1gCaH467RQ,75,0
UCOPUChjWm1GiLrxal7wkPRg,29,0
UCOQ1GSRi89x5KRc_9pGrXQA,26,0
UCOSqRGPcQDzfhinndAVzziw,19,2
UCF-sZtTCp6vTKCqOOKHaAlg,19,2
UCOTa4nZWrH9xyBth5ErtvFg,26,0
UCOTpYHRPx4qeStMweH6gfUg,33,0
UCOXSr5dAwPzPhSOl7WaN0eg,75,0
UCOafGTtKqP61Jj_oZttbFvg,7,0
UCOc6LTyeJrqoiEWu5ZikB5Q,15,0
UCNQ7l2V6ANUo6o0MVtX_6WA,85,0
UCNQ-eEsTz8MtpHWP0idmvNg,23,1
UC-l39OcNDD8FBfMo_wtobXQ,23,1
UCNOEXbuzcgLM18fNFR4pAxw,78,0
UCLoCuLzTqmTeOrOuQel3PFA,78,0
UCLveqcf20r0O3OR-3kkjBAA,17,0
UCLykM-OLMtLqG5Wv0AXmBaQ,26,0
UCM-NvTGCWZrvmvI3OYPSR6w,89,0
UCM-Oo9YCNuwEa2TaHccaGiA,52,0
UCM-iy2kIsLJhSmGMiXMfiZw,29,0
UCM0pB0fl04CmYljXQLgVvrA,11,0
UCM0xFcwAqtsAlP71BqPnIAg,22,0
UCM6Tl5ncg1HrTD_4fPRdC0Q,24,1
UCEMi4efZ7ZWV5OCl9XeGCOQ,24,1
UCM6boV4SOipfyw78Tw6DeXw,25,9
UCaYUm3z2lgtrXp4n5d2nkIQ,25,9
UCM6tkgpTLYN1KUhNBwvbfdg,27,1
UCh8-QkJwsl1Sw72C6zosf2g,27,1
UCMCKgVJ1oPFCi0gcG3QgsFA,75,0
UCMGvG6ayuJyiRVpjWyR4uLw,26,0
UCMJX2yhfocCGkqYx3uhCpMQ,78,0
UCMOAfmHJ0KjG7ioV72qpMtg,33,0
UCMPgGLo-uVT08B669IYL29Q,75,0
UCMRHDaP9y2QioHrPcKGmXyA,13,0
UCMRPXJLEAH1UY22rVZYbZBQ,11,0
UCLslnG2hwhI6mNIc5pjorBQ,112,9
UCLnjU3T-36l-8Co140YTZlQ,75,0
UCLmj43a0cvVDyi-F_YV-Upg,28,7
UCALfyh8AQqVvoLxJIx_RpSw,28,7
UCLId5FruAcj6djAi2lfjlTQ,103,0
UCLMTiDiSqV1GkSrj_etbyjA,13,0
UCLMdz8ZC9YadFMmtGL09-5g,112,9
UCT9k75lmFfAMqT93sxSiv8A,112,9
UCnQ7bvchymnnOekIBkhn0Zg,112,9
UCLXbgedJg9-V-wzkOAxVTkw,29,0
UCLXf0pHH9sFalw4v0IpHqVw,78,0
UCLd3uQwYnwtoa2v2uO2DaGQ,29,0
UCLeNuSYWFBWyMt2cp7JT12Q,26,0
UCLeWi-GZJQ210qDsUWmwtbg,13,0
UCLf12VOe_MlWb8FcG9BTWzg,78,0
UCLfLKf-JW1OqRJsKUTQQxJg,30,4
UCjsYZ_H5H6U8lJ7L3O_z7ig,30,4
UCLfepnHrXtGVmUkIZu91dmA,26,0
UCLfgoIrTNxBDlDUVQLgBg5A,13,0
UCLjUIt_ZqW9XLRnzr75pm4g,20,0
UCLlFuiXcx1URIiXFF1VNOFQ,53,0
UC8Fm34-75k_XdP1l6z9ZwCw,28,7
UCMULQO4ZhvNKuyHtA9wzFDg,12,0
UCMUfIV0gl50lhkRKInjTxRA,45,0
UCMW_t4MDHDv9TYSb5mkNNQA,52,0
UCN1XY8jqUbSyPVoIUaCIkcg,13,0
UCN3Nozkb6L0mUYVKRJdBe0w,11,0
UCN6fxkSTJv01rfcI5Chee8Q,4,0
UCN75AX5DInzdCJTYDb-KBqQ,26,0
UCN7KsUQXcWssvfPxiqElL7A,15,0
UCN9zAOBqtb5LezyWcAO7UQQ,103,0
UCNA9ydMsQlnqReVdQHYf-7Q,11,0
UCNDWFqPLSYRWzwVBcGTZC1A,85,0
UCNFlTqEkgouw-KD1yFMYwNg,29,0
UCNGWH6DJdc66TPjjZQjxj5A,13,0
UCNIMedk_LAu2LnKjc_lzQ5A,33,0
UCNJYW_bDzlDF7KiDetr5p7A,75,0
UCNL2Fc0K67Rdm30k2wGu01Q,26,0
UCNLV2NvE9y6YuvsLomznJVA,78,0
UCN-FADasyo5FBLoDoXs08tw,35,0
UCMjWunE8Rh-26WrIfPkpenw,38,0
UCMYCOkr4eBAOW8O_zm-0V2g,18,0
UCMZDIUvXP1Ij46TUabEjyhw,31,6
UCWMRPl7kWv-uwxvvG8VDYlA,31,6
UCMZQRrQAHEH2Si2Lu_hoIQw,35,0
UCMdJ_nsTn60iSkTTutFwmEQ,74,0
UCMj45iA00K4mHht-GNSlTPg,75,0
UCMoSzZdwJvXO84QL1w5dFsQ,26,0
UCMqCndpRcVFHbydYbaK6Z2Q,75,0
UCMsCxKTebPUbYW8tjO7IG4A,125,7
UCMuvrHF1ijH88Ul3LG5ZE_w,9,0
UCMxGxMeZXrVHTwRwLIRTZUw,62,8
UC8pBw-QLAg7ZF_1HJFylfuA,35,0
UCzzrUr-zkb3kqTDX1sMKgxQ,26,0
